"method","tau","n","model","beta_ci_same","infin","na","skip_beta","skip_int","nsims_beta","nsims_int","bias","bias_se","empSE","empSE_se","cov","cov_se","cov_be","cov_be_se","intwidth_empSE","intwidth_empSE_se","empSE_rel","empSE_rel_se"
"bayes_adjv1","0.1","n = 100",1,0,0,0,0,0,1000,1000,0.299682205274836,0.0504308303002022,1.59476288042072,0.0356778254608309,0.999,0.000999499874937461,1,0,6.45196691082009,0.144342555341248,NA,NA
"bayes_adjv1","0.1","n = 100",2,0,0,0,0,0,1000,1000,0.200060827993683,0.0522413263579952,1.65201579279454,0.0369586800881083,1,0,1,0,7.10717993981212,0.159000895070018,NA,NA
"bayes_adjv1","0.1","n = 100",3,NA,0,0.004,0.004,0.004,996,996,0.188276355893642,0.0807182818424706,2.54742600667931,0.0571051188840974,1,0,1,0,12.7983532269229,0.286898022014309,NA,NA
"bayes_adjv1","0.1","n = 100",4,0,0,0,0,0,1000,1000,0.00959738752315711,0.0240686550808279,0.761117702724001,0.0170276251637934,1,0,1,0,4.63734745597595,0.103746127506987,NA,NA
"bayes_adjv1","0.1","n = 100",5,NA,0,0.004,0.004,0.004,996,996,0.0734747453725645,0.0395606034043407,1.24851158438705,0.027987624475709,0.997991967871486,0.00141846682301594,0.997991967871486,0.00141846682301594,8.50822374459263,0.190727081828299,NA,NA
"bayes_adjv1","0.1","n = 100",6,0,0,0,0,0,1000,1000,0.193631081780538,0.0244780034247629,0.774062433956527,0.0173172229887876,1,0,0.998,0.00141279864099595,4.12860278680468,0.0923645586645819,NA,NA
"bayes_adjv1","0.1","n = 100",7,NA,0,0.001,0.001,0.001,999,999,0.291066706733109,0.0383133695984443,1.21096918858285,0.0271052130224887,1,0,1,0,7.81186470403566,0.174853546153012,NA,NA
"bayes_adjv1","0.1","n = 250",1,0,0,0,0,0,1000,1000,0.101587176775448,0.0329560553381999,1.04216197563262,0.0233151106819882,1,0,1,0,4.21980957279723,0.0944050248877655,NA,NA
"bayes_adjv1","0.1","n = 250",2,0,0,0,0,0,1000,1000,0.0830720795803911,0.034275549272338,1.08388803753915,0.0242486006522815,1,0,1,0,4.40526800402218,0.0985540765246694,NA,NA
"bayes_adjv1","0.1","n = 250",3,NA,0,0.006,0.006,0.006,994,994,0.0702752718972084,0.0507839577480105,1.60110471311667,0.0359277577595037,1,0,1,0,7.78435230925669,0.174675848362973,NA,NA
"bayes_adjv1","0.1","n = 250",4,0,0,0,0,0,1000,1000,0.0294689847981639,0.0159820171635663,0.505395758407734,0.0113066474511611,1,0,1,0,2.5817468309581,0.057758500620905,NA,NA
"bayes_adjv1","0.1","n = 250",5,NA,0,0.011,0.011,0.011,989,989,0.0452825960833837,0.0236314948557549,0.74317200302304,0.0167184445961705,1,0,1,0,4.87864910852513,0.109750400302022,NA,NA
"bayes_adjv1","0.1","n = 250",6,0,0,0,0,0,1000,1000,0.0723977390473501,0.0169474547215633,0.535925574627146,0.0119896564851688,1,0,1,0,2.36857458856611,0.0529894392447404,NA,NA
"bayes_adjv1","0.1","n = 250",7,NA,0,0.013,0.013,0.013,987,987,0.121313171877071,0.025489104091878,0.800779869783392,0.0180326557487266,1,0,1,0,4.36542923172529,0.098304522255815,NA,NA
"bayes_adjv1","0.1","n = 500",1,0,0,0,0,0,1000,1000,0.0172199703320224,0.0233837595879316,0.739459405556641,0.0165430885874767,1,0,1,0,2.90614313213615,0.0650158520150609,NA,NA
"bayes_adjv1","0.1","n = 500",2,0,0,0,0,0,1000,1000,0.0613833955004761,0.0245276832572448,0.775633448200712,0.0173523695128814,1,0,1,0,3.08802306711137,0.0690848460044126,NA,NA
"bayes_adjv1","0.1","n = 500",3,NA,0,0.02,0.02,0.02,980,980,0.0743683515975741,0.0393352387953097,1.23138775000499,0.0278284158869582,1,0,1,0,5.17908336462603,0.117043299954426,NA,NA
"bayes_adjv1","0.1","n = 500",4,0,0,0,0,0,1000,1000,0.0153248177759799,0.0113844293607025,0.360007266411146,0.00805403522576297,1,0,1,0,1.83824076832128,0.041124880753337,NA,NA
"bayes_adjv1","0.1","n = 500",5,NA,0,0.025,0.025,0.025,975,975,0.0330586072054693,0.0171827822905135,0.53653220505586,0.0121562974752609,1,0,1,0,3.03174808209507,0.0686908096265393,NA,NA
"bayes_adjv1","0.1","n = 500",6,0,0,0,0,0,1000,1000,0.0378969608268444,0.0120916053277361,0.38237013403473,0.00855433435968023,1,0,1,0,1.73287400110294,0.0387676292921065,NA,NA
"bayes_adjv1","0.1","n = 500",7,NA,0,0.026,0.026,0.026,974,974,0.0475804348569963,0.0179595415915105,0.560498849854833,0.0127058378253901,1,0,1,0,2.96720859865972,0.0672630662104619,NA,NA
"bayes_adjv1","0.1","n = 750",1,0,0,0,0,0,1000,1000,-0.00191362290009333,0.0192294180719552,0.60808759186982,0.0136040556461315,1,0,1,0,2.71314428461053,0.0606981071761893,NA,NA
"bayes_adjv1","0.1","n = 750",2,0,0,0,0,0,1000,1000,0.0568964966604836,0.0201424486257963,0.636960153104448,0.0142499887895368,1,0,1,0,2.78271496283348,0.0622545332413452,NA,NA
"bayes_adjv1","0.1","n = 750",3,NA,0,0.039,0.039,0.039,961,961,0.0523929650981338,0.0309291516931305,0.958803702487046,0.0218816006696511,1,0,1,0,4.47205250897534,0.102060168229724,NA,NA
"bayes_adjv1","0.1","n = 750",4,0,0,0,0,0,1000,1000,-0.0085860819967611,0.00930422800966257,0.294225523800688,0.00658237472991167,1,0,1,0,1.5628702411752,0.0349643275292845,NA,NA
"bayes_adjv1","0.1","n = 750",5,NA,0,0.027,0.027,0.027,973,973,0.0141873082219721,0.0138940440223228,0.433396191599902,0.00982962523967827,1,0,1,0,2.47737021236381,0.0561878974468679,NA,NA
"bayes_adjv1","0.1","n = 750",6,0,0,0,0,0,1000,1000,0.0165855712683142,0.00979808099950016,0.309842526572396,0.00693175626239586,1,0,1,0,1.42220641047263,0.0318174148050969,NA,NA
"bayes_adjv1","0.1","n = 750",7,NA,0,0.051,0.051,0.051,949,949,0.0156710189093857,0.0149016424893667,0.459057667932879,0.010542608507349,1,0,1,0,2.34435598748822,0.0538399183903002,NA,NA
"bayes_adjv1","0.5","n = 100",1,0,0,0,0,0,1000,1000,0.100856614505242,0.0360291163831569,1.13934069854063,0.0254891802925774,1,0,1,0,3.89211744754915,0.0870739397508922,NA,NA
"bayes_adjv1","0.5","n = 100",2,0,0,0,0,0,1000,1000,0.0685007014556143,0.0413964203581095,1.30906975309389,0.0292863363828831,1,0,1,0,3.78404578303117,0.0846561746829487,NA,NA
"bayes_adjv1","0.5","n = 100",3,NA,0,0.004,0.004,0.004,996,996,0.0913248814874172,0.0434724064339276,1.37196600565465,0.0307550765566599,1,0,1,0,4.54819102284173,0.101955852058496,NA,NA
"bayes_adjv1","0.5","n = 100",4,0,0,0,0,0,1000,1000,-0.00924194889073457,0.0194416006970966,0.614797395623426,0.0137541664934158,1,0,1,0,2.55624203928405,0.0571879107752711,NA,NA
"bayes_adjv1","0.5","n = 100",5,NA,0,0.004,0.004,0.004,996,996,0.0106211654969487,0.0209585176976973,0.661439661819845,0.0148273553083948,1,0,1,0,2.65457949954173,0.0595071564438578,NA,NA
"bayes_adjv1","0.5","n = 100",6,0,0,0,0,0,1000,1000,0.0758432159864659,0.018695181584614,0.591193550778163,0.0132261043802748,0.999,0.000999499874937461,0.999,0.000999499874937461,2.2823074031695,0.0510594811165668,NA,NA
"bayes_adjv1","0.5","n = 100",7,NA,0,0.001,0.001,0.001,999,999,0.0956189275758635,0.0208843388252865,0.660090488161435,0.0147748542774011,1,0,1,0,2.37286601412532,0.0531120357091483,NA,NA
"bayes_adjv1","0.5","n = 250",1,0,0,0,0,0,1000,1000,0.0232954102679314,0.0247998060562973,0.784238726683374,0.0175448856715628,1,0,1,0,2.57012442783698,0.0574984857465422,NA,NA
"bayes_adjv1","0.5","n = 250",2,0,0,0,0,0,1000,1000,0.0617821985104813,0.0257394514862901,0.81395292420083,0.0182096477912183,1,0,1,0,2.64319746759153,0.0591332661833477,NA,NA
"bayes_adjv1","0.5","n = 250",3,NA,0,0.006,0.006,0.006,994,994,0.0731135392343682,0.0280578729049756,0.884602038523568,0.0198498995682627,1,0,1,0,2.76349859170657,0.0620111271662521,NA,NA
"bayes_adjv1","0.5","n = 250",4,0,0,0,0,0,1000,1000,0.00636347644647332,0.012531650145448,0.396285572999962,0.00886564873042945,1,0,1,0,329.870910081307,7.37982862466767,NA,NA
"bayes_adjv1","0.5","n = 250",5,NA,0,0.011,0.011,0.011,989,989,-0.0165119292320622,0.0134081368841866,0.421664054933937,0.00948578136949953,1,0,1,0,1.61279021750925,0.0362814311989605,NA,NA
"bayes_adjv1","0.5","n = 250",6,0,0,0,0,0,1000,1000,0.0289348094888228,0.0127004573826615,0.401623726551109,0.00898507319974661,1,0,1,0,1.41616752312142,0.0316823136113463,NA,NA
"bayes_adjv1","0.5","n = 250",7,NA,0,0.013,0.013,0.013,987,987,0.0347026197867708,0.0135020648468716,0.424188378332608,0.00955224186785766,1,0,1,0,1.50722778079709,0.0339410626210959,NA,NA
"bayes_adjv1","0.5","n = 500",1,0,0,0,0,0,1000,1000,-0.0153038446264259,0.0184835572496533,0.584501401710221,0.0130763885012966,1,0,1,0,3.05233935384672,0.0682865346634095,NA,NA
"bayes_adjv1","0.5","n = 500",2,0,0,0,0,0,1000,1000,0.0384149875407579,0.0189787256285281,0.600160000735595,0.0134267006196983,1,0,1,0,3.03055997714534,0.067799289311679,NA,NA
"bayes_adjv1","0.5","n = 500",3,NA,0,0.02,0.02,0.02,980,980,0.0601403550052292,0.0200883699186828,0.628865449734714,0.0142118753999995,1,0,1,0,3.12769623336261,0.070683528847623,NA,NA
"bayes_adjv1","0.5","n = 500",4,0,0,0,0,0,1000,1000,-0.00573967506073596,0.00865330539501989,0.273641543372859,0.00612187262642685,1,0,1,0,1.22639811268158,0.0274368173143097,NA,NA
"bayes_adjv1","0.5","n = 500",5,NA,0,0.025,0.025,0.025,975,975,-0.0247923404728528,0.00958834392273532,0.299395943027188,0.00678346259931561,1,0,1,0,1.27923615410977,0.0289838617028554,NA,NA
"bayes_adjv1","0.5","n = 500",6,0,0,0,0,0,1000,1000,0.0205696588658264,0.00950305847866092,0.300513095303431,0.00672303945280024,1,0,1,0,1.21334011632312,0.0271446855368116,NA,NA
"bayes_adjv1","0.5","n = 500",7,NA,0,0.026,0.026,0.026,974,974,0.00183875968037753,0.00995095782947923,0.310559174907534,0.00704000465403997,1,0,1,0,1.28680905103692,0.0291704204548392,NA,NA
"bayes_adjv1","0.5","n = 750",1,0,0,0,0,0,1000,1000,0.0106458327782729,0.0150232774752226,0.475077747424071,0.0106283768960368,1,0,1,0,3.99445733508599,0.0893634742579012,NA,NA
"bayes_adjv1","0.5","n = 750",2,0,0,0,0,0,1000,1000,0.00431560565643673,0.015844649346477,0.501051806615658,0.0112094651328675,0.999,0.000999499874937461,0.999,0.000999499874937461,4.07978675949934,0.0912724529206662,NA,NA
"bayes_adjv1","0.5","n = 750",3,NA,0,0.039,0.039,0.039,961,961,0.000146329373899149,0.0154256891952728,0.478196365053456,0.0109132890023647,1,0,1,0,4.07271120956364,0.0929464916534233,NA,NA
"bayes_adjv1","0.5","n = 750",4,0,0,0,0,0,1000,1000,-0.0296230080296584,0.00778288253160693,0.246116355614153,0.0055060827452549,1,0,1,0,1.21207576717574,0.0271163996839395,NA,NA
"bayes_adjv1","0.5","n = 750",5,NA,0,0.027,0.027,0.027,973,973,-0.0184715766248497,0.00796516709064121,0.248457042240151,0.00563512015268053,0.998972250770812,0.00102722095918184,0.998972250770812,0.00102722095918184,1.24777190309801,0.0283000414627001,NA,NA
"bayes_adjv1","0.5","n = 750",6,0,0,0,0,0,1000,1000,0.0105651372116206,0.00743609394639315,0.235149937655924,0.00526074348469912,1,0,1,0,1.3771737636684,0.0308099503522645,NA,NA
"bayes_adjv1","0.5","n = 750",7,NA,0,0.051,0.051,0.051,949,949,0.0163133511140258,0.00817396982509206,0.251806036035156,0.00578291714341695,1,0,1,0,1.40692485733425,0.0323110994680118,NA,NA
"bayes_adjv1","0.9","n = 100",1,0,0,0,0,0,1000,1000,0.213677396266514,0.048393334946581,1.53033162002619,0.0342363777755354,1,0,1,0,6.08559271414226,0.136146079988764,NA,NA
"bayes_adjv1","0.9","n = 100",2,0,0,0,0,0,1000,1000,0.199996925940257,0.0503277671039147,1.59150373598866,0.0356049123101511,1,0,1,0,6.58560891260253,0.147332376632155,NA,NA
"bayes_adjv1","0.9","n = 100",3,NA,0,0.004,0.004,0.004,996,996,0.370650847404065,0.0819397501617201,2.58597489661807,0.0579692613310343,1,0,1,0,12.6545956560158,0.283675438451287,NA,NA
"bayes_adjv1","0.9","n = 100",4,0,0,0,0,0,1000,1000,-0.0377828064154255,0.0250000489405863,0.790570962679323,0.0176865496226203,0.999,0.000999499874937461,1,0,4.04111042323468,0.0904071910114155,NA,NA
"bayes_adjv1","0.9","n = 100",5,NA,0,0.004,0.004,0.004,996,996,-0.0740188351391776,0.0363725881134285,1.14789951886254,0.0257322247318547,0.998995983935743,0.00100351191355276,0.998995983935743,0.00100351191355276,7.04260810561811,0.157872680922213,NA,NA
"bayes_adjv1","0.9","n = 100",6,0,0,0,0,0,1000,1000,0.132244053870415,0.02526777782584,0.799037293407517,0.0178759572604093,1,0,1,0,3.81965866441907,0.0854529013825191,NA,NA
"bayes_adjv1","0.9","n = 100",7,NA,0,0.001,0.001,0.001,999,999,0.184740062287234,0.0380874859259945,1.20382969209879,0.0269454091439935,1,0,1,0,6.75189857501149,0.151128245794673,NA,NA
"bayes_adjv1","0.9","n = 250",1,0,0,0,0,0,1000,1000,0.0545953272411576,0.0326911035418048,1.03378346416501,0.0231276677251491,1,0,1,0,4.06947385872283,0.091041734060567,NA,NA
"bayes_adjv1","0.9","n = 250",2,0,0,0,0,0,1000,1000,0.0988680919926714,0.0340947459023595,1.07817053296149,0.0241206893916812,1,0,1,0,4.20749713047304,0.0941295725470871,NA,NA
"bayes_adjv1","0.9","n = 250",3,NA,0,0.006,0.006,0.006,994,994,0.16769542590036,0.0497682857444954,1.56908284432342,0.0352092076636946,1,0,1,0,7.50653764742269,0.168441866418731,NA,NA
"bayes_adjv1","0.9","n = 250",4,0,0,0,0,0,1000,1000,-0.0265829232287169,0.0157767079093905,0.498903309728673,0.0111613992430239,1,0,1,0,2.58990043596798,0.0579409120000451,NA,NA
"bayes_adjv1","0.9","n = 250",5,NA,0,0.011,0.011,0.011,989,989,-0.0575995630749588,0.0234150673377177,0.736365710273858,0.0165653298020587,1,0,1,0,4.25604703954104,0.0957443046021963,NA,NA
"bayes_adjv1","0.9","n = 250",6,0,0,0,0,0,1000,1000,0.0403642626422097,0.0164089673186092,0.518897107780708,0.0116086978640022,1,0,1,0,2.34651671718513,0.0524959634466578,NA,NA
"bayes_adjv1","0.9","n = 250",7,NA,0,0.013,0.013,0.013,987,987,0.0793745739280286,0.0256955115091236,0.807264479995993,0.0181786818266051,1,0,1,0,4.24341796007348,0.0955569666014046,NA,NA
"bayes_adjv1","0.9","n = 500",1,0,0,0,0,0,1000,1000,0.0860218604205153,0.0234559914853637,0.741743578712655,0.0165941898089706,1,0,1,0,2.70077119728517,0.060421298093519,NA,NA
"bayes_adjv1","0.9","n = 500",2,0,0,0,0,0,1000,1000,0.0613734170091376,0.02585884881106,0.817728599128867,0.018294116694234,1,0,1,0,2.84106495923323,0.0635599316881924,NA,NA
"bayes_adjv1","0.9","n = 500",3,NA,0,0.02,0.02,0.02,980,980,0.0125390638682254,0.0359195533523618,1.12445988224236,0.0254119283313591,1,0,1,0,5.16618295046409,0.1167517605182,NA,NA
"bayes_adjv1","0.9","n = 500",4,0,0,0,0,0,1000,1000,-0.0107290124727347,0.0118207874915862,0.373806122102408,0.0083627414108368,1,0,1,0,1.77143770056004,0.0396303713055092,NA,NA
"bayes_adjv1","0.9","n = 500",5,NA,0,0.025,0.025,0.025,975,975,-0.0464772897737721,0.0169191812417884,0.528301264947542,0.0119698077258761,1,0,1,0,2.97552733572994,0.0674170070278218,NA,NA
"bayes_adjv1","0.9","n = 500",6,0,0,0,0,0,1000,1000,0.0360836373398632,0.0116138779241133,0.367263067073463,0.00821636104409429,1,0,1,0,1.62940504296762,0.0364528353661328,NA,NA
"bayes_adjv1","0.9","n = 500",7,NA,0,0.026,0.026,0.026,974,974,0.0658363609386224,0.0177575084993281,0.554193604521934,0.0125629054631384,1,0,1,0,2.88211839655795,0.0653341732096738,NA,NA
"bayes_adjv1","0.9","n = 750",1,0,0,0,0,0,1000,1000,0.0501189169872799,0.0194834075213277,0.616119443486511,0.0137837431743689,1,0,1,0,2.72593818249106,0.0609843305772662,NA,NA
"bayes_adjv1","0.9","n = 750",2,0,0,0,0,0,1000,1000,0.054963099163067,0.0208376445640242,0.658944178953427,0.0147418125250875,1,0,1,0,2.83021067627605,0.063317101097135,NA,NA
"bayes_adjv1","0.9","n = 750",3,NA,0,0.039,0.039,0.039,961,961,0.0245270889011566,0.0295215465096684,0.915167941799719,0.0208857552345534,1,0,1,0,4.59097788294726,0.10477425614573,NA,NA
"bayes_adjv1","0.9","n = 750",4,0,0,0,0,0,1000,1000,-0.000298869579745072,0.00948041618293183,0.299797083043841,0.00670702092067919,1,0,1,0,1.39494108499473,0.0312074385287011,NA,NA
"bayes_adjv1","0.9","n = 750",5,NA,0,0.027,0.027,0.027,973,973,-0.0367864231519205,0.0142315299061599,0.443923371198495,0.0100683865215967,1,0,1,0,2.53736953777594,0.0575487097817839,NA,NA
"bayes_adjv1","0.9","n = 750",6,0,0,0,0,0,1000,1000,0.018936751464309,0.00948801083745583,0.30003724710722,0.00671239383952525,1,0,1,0,1.43231311101358,0.0320435205806401,NA,NA
"bayes_adjv1","0.9","n = 750",7,NA,0,0.051,0.051,0.051,949,949,0.00867054617701631,0.0149548333731016,0.460696257978241,0.0105802399740666,1,0,1,0,2.34484131561527,0.0538510643198827,NA,NA
"bayes_adjv2","0.1","n = 100",1,0,0,0,0,0,1000,1000,0.298976371974113,0.050405186686294,1.59395195814684,0.0356596836143501,0.91,0.00904986187739901,0.924,0.00837997613361756,2.03999576302883,0.0456385169655917,NA,NA
"bayes_adjv2","0.1","n = 100",2,0,0,0,0,0,1000,1000,0.201251558690984,0.0522015599608201,1.65075826890042,0.0369305469289045,0.906,0.00922843432007835,0.905,0.00927227048785787,2.26079347608161,0.0505781743686844,NA,NA
"bayes_adjv2","0.1","n = 100",3,NA,0,0.004,0.004,0.004,996,996,0.189033605234341,0.0806535143671007,2.54538197963391,0.0570592983550127,0.913654618473896,0.00889981366931973,0.914658634538153,0.00885277942893781,4.03973294197714,0.0905578530276227,NA,NA
"bayes_adjv2","0.1","n = 100",4,0,0,0,0,0,1000,1000,0.00962107319469529,0.0240664714858548,0.761048651387981,0.0170260803563837,0.901,0.00944452222190196,0.902,0.00940191469861325,1.46523935878216,0.0327801422661521,NA,NA
"bayes_adjv2","0.1","n = 100",5,NA,0,0.004,0.004,0.004,996,996,0.0738865618260038,0.0395433638193516,1.24796751226184,0.0279754281240542,0.863453815261044,0.0108800194607388,0.866465863453815,0.0107781000499064,2.67866815359664,0.06004714679096,NA,NA
"bayes_adjv2","0.1","n = 100",6,0,0,0,0,0,1000,1000,0.194614305102276,0.0244556038541743,0.77335409733983,0.0173013761751401,0.902,0.00940191469861325,0.919,0.00862780389206894,1.3088937491164,0.0292823988450419,NA,NA
"bayes_adjv2","0.1","n = 100",7,NA,0,0.001,0.001,0.001,999,999,0.290604588086184,0.0382863921674049,1.21011651396513,0.0270861275433783,0.885885885885886,0.010059486883058,0.892892892892893,0.00978421716949668,2.47638213782171,0.0554290447713991,NA,NA
"bayes_adjv2","0.1","n = 250",1,0,0,0,0,0,1000,1000,0.101859598763379,0.0329241204498106,1.04115210579129,0.0232925180066885,0.9,0.00948683298050514,0.893,0.00977501918156686,1.06768188229492,0.0238860386781513,NA,NA
"bayes_adjv2","0.1","n = 250",2,0,0,0,0,0,1000,1000,0.0835736259781032,0.0342606411535524,1.08341660142924,0.0242380537456212,0.907,0.00918428004799505,0.905,0.00927227048785787,1.11818597076208,0.0250159095044114,NA,NA
"bayes_adjv2","0.1","n = 250",3,NA,0,0.006,0.006,0.006,994,994,0.0711495544482913,0.050766601677552,1.60055751499654,0.0359154789863883,0.900402414486921,0.00949837995680667,0.904426559356137,0.00932528410447274,1.96203385342125,0.0440267750286286,NA,NA
"bayes_adjv2","0.1","n = 250",4,0,0,0,0,0,1000,1000,0.0298294122611341,0.0159784301860334,0.505282328218536,0.0113041098058837,0.893,0.00977501918156686,0.896,0.00965318600255895,0.657440644846282,0.0147081756577465,NA,NA
"bayes_adjv2","0.1","n = 250",5,NA,0,0.011,0.011,0.011,989,989,0.0454656075985812,0.0236202333525386,0.742817847098778,0.0167104774819976,0.888776541961577,0.00999761348774555,0.885743174924166,0.0101157208787755,1.22483738021823,0.0275540195233406,NA,NA
"bayes_adjv2","0.1","n = 250",6,0,0,0,0,0,1000,1000,0.0726866845096303,0.0169342018859207,0.535506483166284,0.0119802806261139,0.908,0.00913980306133562,0.911,0.00900438781928011,0.598685871663033,0.0133937215979244,NA,NA
"bayes_adjv2","0.1","n = 250",7,NA,0,0.013,0.013,0.013,987,987,0.121921385702371,0.0254791849920603,0.800468245827064,0.0180256383301581,0.879432624113475,0.0103647209554654,0.885511651469098,0.0101348939591837,1.1048137938211,0.0248791553861232,NA,NA
"bayes_adjv2","0.1","n = 500",1,0,0,0,0,0,1000,1000,0.0171404035102029,0.0233855783389125,0.739516919512605,0.0165443752821369,0.912,0.00895857131466843,0.913,0.00891240708226459,0.618125196109223,0.013828615608302,NA,NA
"bayes_adjv2","0.1","n = 500",2,0,0,0,0,0,1000,1000,0.0614737908187954,0.0244979138580825,0.774692057141437,0.0173313088358895,0.908,0.00913980306133562,0.91,0.00904986187739901,0.659181587500313,0.0147471237978809,NA,NA
"bayes_adjv2","0.1","n = 500",3,NA,0,0.02,0.02,0.02,980,980,0.0747432919404356,0.0393143530461409,1.23073392263636,0.0278136398913934,0.879591836734694,0.0103957427257891,0.878571428571429,0.0104336422832726,1.09817140746711,0.0248178290242347,NA,NA
"bayes_adjv2","0.1","n = 500",4,0,0,0,0,0,1000,1000,0.0155636777722736,0.0113776531313649,0.3597929832246,0.00804924131049027,0.898,0.00957057991973318,0.897,0.00961202372032029,0.391728897687307,0.00876370738950503,NA,NA
"bayes_adjv2","0.1","n = 500",5,NA,0,0.025,0.025,0.025,975,975,0.0328398935370341,0.0171759504708742,0.536318881555997,0.0121514641700122,0.884102564102564,0.0102514649484635,0.877948717948718,0.0104834309612308,0.641138742688014,0.0145263848201224,NA,NA
"bayes_adjv2","0.1","n = 500",6,0,0,0,0,0,1000,1000,0.0381550106097118,0.0120769967530395,0.381908170340629,0.00854399936866075,0.891,0.00985489725973843,0.9,0.00948683298050514,0.370517841575742,0.00828917643127967,NA,NA
"bayes_adjv2","0.1","n = 500",7,NA,0,0.026,0.026,0.026,974,974,0.0478268270372934,0.017957866455482,0.560446570579631,0.0127046527168167,0.905544147843943,0.00937108270791665,0.901437371663244,0.00955090310576087,0.630683281827828,0.0142968348644508,NA,NA
"bayes_adjv2","0.1","n = 750",1,0,0,0,0,0,1000,1000,-0.00198863504874582,0.0192151343281345,0.607635900229942,0.0135939504601584,0.913,0.00891240708226459,0.911,0.00900438781928011,0.519675554822177,0.0116261131788537,NA,NA
"bayes_adjv2","0.1","n = 750",2,0,0,0,0,0,1000,1000,0.0571115082147343,0.0201175794176667,0.636173719691505,0.0142323948046328,0.895,0.00969407035254026,0.891,0.00985489725973843,0.536650886895467,0.0120058830758623,NA,NA
"bayes_adjv2","0.1","n = 750",3,NA,0,0.039,0.039,0.039,961,961,0.0521975006626227,0.0309185838537456,0.958476099466114,0.0218741241877982,0.909469302809573,0.00925614738252115,0.911550468262227,0.00915959843947692,0.860929579741486,0.0196479396353273,NA,NA
"bayes_adjv2","0.1","n = 750",4,0,0,0,0,0,1000,1000,-0.00846795549094177,0.00929221600751358,0.293845670940192,0.00657387671166458,0.894,0.00973468027209934,0.895,0.00969407035254026,0.300062998543678,0.00671296994727554,NA,NA
"bayes_adjv2","0.1","n = 750",5,NA,0,0.027,0.027,0.027,973,973,0.0140698698880983,0.0138931487051775,0.433368264018815,0.0098289918292763,0.900308324768756,0.00960436507480133,0.899280575539568,0.00964823346737087,0.478094176869357,0.0108433961326468,NA,NA
"bayes_adjv2","0.1","n = 750",6,0,0,0,0,0,1000,1000,0.0166595043264675,0.0097868273893067,0.309486656171286,0.00692379477657664,0.911,0.00900438781928011,0.912,0.00895857131466843,0.273251864686941,0.00611315478610546,NA,NA
"bayes_adjv2","0.1","n = 750",7,NA,0,0.051,0.051,0.051,949,949,0.015853598770882,0.0148890573905588,0.458669973347292,0.0105337048063071,0.900948366701791,0.00969722931104696,0.898840885142255,0.00978837983038247,0.451360295351938,0.0103658324913389,NA,NA
"bayes_adjv2","0.5","n = 100",1,0,0,0,0,0,1000,1000,0.101294628256611,0.0360315407779333,1.13941736463505,0.0254908954563606,0.923,0.00843036179532053,0.918,0.00867617427210864,1.22974846752533,0.0275117710123265,NA,NA
"bayes_adjv2","0.5","n = 100",2,0,0,0,0,0,1000,1000,0.0685458625676573,0.04139962254442,1.30917101511623,0.0292886018035316,0.89,0.00989444288477123,0.891,0.00985489725973843,1.19597411265875,0.0267561755863381,NA,NA
"bayes_adjv2","0.5","n = 100",3,NA,0,0.004,0.004,0.004,996,996,0.0914769003090121,0.0434574779684891,1.37149487123219,0.0307445152343155,0.896586345381526,0.00964840075897285,0.895582329317269,0.00968969460085067,1.43880527372194,0.0322533985252279,NA,NA
"bayes_adjv2","0.5","n = 100",4,0,0,0,0,0,1000,1000,-0.00950866518020964,0.0194368521704185,0.614647234025096,0.0137508070978832,0.894,0.00973468027209934,0.893,0.00977501918156686,0.808096996695103,0.0180786397510729,NA,NA
"bayes_adjv2","0.5","n = 100",5,NA,0,0.004,0.004,0.004,996,996,0.0107456444258257,0.0209516706267983,0.661223571907132,0.0148225112657718,0.876506024096386,0.0104248705277915,0.877510040160643,0.0103883512138201,0.839414436537791,0.018816978811488,NA,NA
"bayes_adjv2","0.5","n = 100",6,0,0,0,0,0,1000,1000,0.075879171476629,0.0186907170890236,0.591052371031468,0.0132229459255459,0.898,0.00957057991973318,0.909,0.00909499862561837,0.71941134334009,0.0160945759757452,NA,NA
"bayes_adjv2","0.5","n = 100",7,NA,0,0.001,0.001,0.001,999,999,0.0958171100023589,0.0208814527520648,0.659999268156926,0.0147728124932852,0.880880880880881,0.0102486481727481,0.872872872872873,0.0105393025183407,0.750793872094228,0.016805074836717,NA,NA
"bayes_adjv2","0.5","n = 250",1,0,0,0,0,0,1000,1000,0.023652234789101,0.024787941002873,0.78386352074957,0.0175364916137486,0.913,0.00891240708226459,0.91,0.00904986187739901,0.648505107923247,0.0145082710006637,NA,NA
"bayes_adjv2","0.5","n = 250",2,0,0,0,0,0,1000,1000,0.0623133474940106,0.0257365713167972,0.813861845244382,0.0182076101847809,0.895,0.00969407035254026,0.894,0.00973468027209934,0.668784110877692,0.0149619501882163,NA,NA
"bayes_adjv2","0.5","n = 250",3,NA,0,0.006,0.006,0.006,994,994,0.0735016396671303,0.0280569347002778,0.884572459025826,0.0198492358233991,0.901408450704225,0.00945556460052607,0.905432595573441,0.00928123149127044,0.6957332806303,0.0156118063777687,NA,NA
"bayes_adjv2","0.5","n = 250",4,0,0,0,0,0,1000,1000,0.00645712402772245,0.0125310599135905,0.396266908229789,0.00886523116464542,0.888,0.00997276290703835,0.887,0.0100115433375679,0.374653088462405,0.00838168963087263,NA,NA
"bayes_adjv2","0.5","n = 250",5,NA,0,0.011,0.011,0.011,989,989,-0.0165710370279764,0.0134060520058371,0.421598488907387,0.00948430639200065,0.879676440849343,0.0103451947229811,0.884732052578362,0.0101545811544089,0.405232944303117,0.00911614606082605,NA,NA
"bayes_adjv2","0.5","n = 250",6,0,0,0,0,0,1000,1000,0.0291749147638395,0.0126980285887489,0.401546921343799,0.00898335492374801,0.869,0.0106695360723885,0.87,0.0106348483769163,0.356064529908248,0.00796582884316186,NA,NA
"bayes_adjv2","0.5","n = 250",7,NA,0,0.013,0.013,0.013,987,987,0.0345797630772802,0.0135009713917461,0.424154025738266,0.0095514682863389,0.897669706180344,0.00964721192151392,0.893617021276596,0.00981416178754133,0.375716345856681,0.00846070659323103,NA,NA
"bayes_adjv2","0.5","n = 500",1,0,0,0,0,0,1000,1000,-0.0152989407448215,0.0184924366994532,0.584782194567588,0.0130826703621794,0.871,0.0105999528300837,0.871,0.0105999528300837,0.647553871653565,0.0144869900679192,NA,NA
"bayes_adjv2","0.5","n = 500",2,0,0,0,0,0,1000,1000,0.0383246064057286,0.0189782814795266,0.600145955510941,0.0134263864017792,0.89,0.00989444288477123,0.89,0.00989444288477123,0.641900979117431,0.0143605242994158,NA,NA
"bayes_adjv2","0.5","n = 500",3,NA,0,0.02,0.02,0.02,980,980,0.0600475891819262,0.0200777292500693,0.628532344117872,0.0142043474693052,0.905102040816327,0.00936190372485841,0.898979591836735,0.00962645617385418,0.663604046155157,0.0149969409559248,NA,NA
"bayes_adjv2","0.5","n = 500",4,0,0,0,0,0,1000,1000,-0.00573090108211975,0.0086517476222487,0.273592282272519,0.00612077056356753,0.857,0.0110702755159933,0.855,0.0111344061359374,0.259043195924447,0.00579528031688952,NA,NA
"bayes_adjv2","0.5","n = 500",5,NA,0,0.025,0.025,0.025,975,975,-0.0249411170365416,0.00958617293135327,0.29932815384301,0.00678192668873895,0.841025641025641,0.0117102415032598,0.849230769230769,0.011459532805731,0.265903092492362,0.00602460963474212,NA,NA
"bayes_adjv2","0.5","n = 500",6,0,0,0,0,0,1000,1000,0.0206725218554122,0.00950300151893052,0.300511294078602,0.0067229991560352,0.837,0.0116803681448831,0.84,0.0115931013969516,0.256481615371588,0.00573797297359053,NA,NA
"bayes_adjv2","0.5","n = 500",7,NA,0,0.026,0.026,0.026,974,974,0.00173362620610306,0.00995109203797835,0.310563363416968,0.00704009960253384,0.851129363449692,0.0114057232887999,0.852156057494867,0.0113731785404345,0.270233695657879,0.00612587432226507,NA,NA
"bayes_adjv2","0.5","n = 750",1,0,0,0,0,0,1000,1000,0.0106351394926995,0.0150235851063148,0.475087475573376,0.0106285945329139,0.767,0.0133682833602524,0.767,0.0133682833602524,0.764394621424598,0.0171009359580717,NA,NA
"bayes_adjv2","0.5","n = 750",2,0,0,0,0,0,1000,1000,0.00451989667423786,0.0158339125155679,0.500712278210408,0.0112018692480308,0.761,0.0134862522592453,0.762,0.0134668481835951,0.780591605247397,0.0174632927503675,NA,NA
"bayes_adjv2","0.5","n = 750",3,NA,0,0.039,0.039,0.039,961,961,1.28083429237777e-05,0.015423214492939,0.478119649281108,0.0109115382124051,0.799167533818939,0.0129233225234638,0.799167533818939,0.0129233225234638,0.779041916626439,0.0177791179574316,NA,NA
"bayes_adjv2","0.5","n = 750",4,0,0,0,0,0,1000,1000,-0.0297801737112384,0.00778246349503625,0.24610310451429,0.0055057862933912,0.832,0.0118226900492231,0.829,0.0119062588582644,0.232633061420839,0.00520443626051906,NA,NA
"bayes_adjv2","0.5","n = 750",5,NA,0,0.027,0.027,0.027,973,973,-0.018681729484534,0.00796348737287785,0.248404646891437,0.00563393180203937,0.867420349434738,0.0108716839374317,0.865364850976362,0.0109426481005391,0.237224969635883,0.00538037157273283,NA,NA
"bayes_adjv2","0.5","n = 750",6,0,0,0,0,0,1000,1000,0.0105693251537269,0.00743665456806335,0.235167666069759,0.00526114010244227,0.884,0.0101264011376204,0.882,0.0102017645532525,0.26337156819272,0.00589211409212524,NA,NA
"bayes_adjv2","0.5","n = 750",7,NA,0,0.051,0.051,0.051,949,949,0.0162013024819812,0.00817164192250517,0.251734323032145,0.00578127019975726,0.885142255005269,0.0103503151456252,0.885142255005269,0.0103503151456252,0.267723126124077,0.00614846522398672,NA,NA
"bayes_adjv2","0.9","n = 100",1,0,0,0,0,0,1000,1000,0.214496057455852,0.0483819092616949,1.52997030814552,0.034228294553651,0.902,0.00940191469861325,0.898,0.00957057991973318,1.91206555715578,0.0427764792217093,NA,NA
"bayes_adjv2","0.9","n = 100",2,0,0,0,0,0,1000,1000,0.200881372081508,0.0503020739573343,1.59069124735416,0.0355867354212564,0.901,0.00944452222190196,0.905,0.00927227048785787,2.09624599139797,0.0468969396781624,NA,NA
"bayes_adjv2","0.9","n = 100",3,NA,0,0.004,0.004,0.004,996,996,0.371126360421204,0.0819077339481595,2.58496448196109,0.0579466110758522,0.889558232931727,0.00993171379524971,0.884538152610442,0.0101262318496487,4.00393585516316,0.0897553971789124,NA,NA
"bayes_adjv2","0.9","n = 100",4,0,0,0,0,0,1000,1000,-0.0376794356505818,0.0249995294864355,0.790554536096757,0.0176861821292751,0.883,0.010164201887015,0.884,0.0101264011376204,1.27917157020764,0.0286174581667495,NA,NA
"bayes_adjv2","0.9","n = 100",5,NA,0,0.004,0.004,0.004,996,996,-0.0738477752817651,0.0363717458318915,1.14787293690559,0.0257316288496554,0.8714859437751,0.0106041494481925,0.880522088353414,0.0102774239011209,2.23167895763355,0.0500270829663572,NA,NA
"bayes_adjv2","0.9","n = 100",6,0,0,0,0,0,1000,1000,0.1326134301208,0.025249690545227,0.798465323373362,0.0178631612220152,0.904,0.00931579304192617,0.91,0.00904986187739901,1.20915479900754,0.0270510521681669,NA,NA
"bayes_adjv2","0.9","n = 100",7,NA,0,0.001,0.001,0.001,999,999,0.185438032752329,0.0380762452742242,1.20347440925376,0.0269374568217639,0.880880880880881,0.0102486481727481,0.884884884884885,0.0100978012942485,2.12859677720825,0.0476445392906585,NA,NA
"bayes_adjv2","0.9","n = 250",1,0,0,0,0,0,1000,1000,0.0552829484944704,0.032671163506792,1.03315290489237,0.0231135609360157,0.893,0.00977501918156686,0.897,0.00961202372032029,1.02264567962962,0.0228784946740628,NA,NA
"bayes_adjv2","0.9","n = 250",2,0,0,0,0,0,1000,1000,0.0989533428244586,0.0340944228376054,1.07816031675694,0.0241204608360964,0.904,0.00931579304192617,0.909,0.00909499862561837,1.06828658647026,0.0238995670404479,NA,NA
"bayes_adjv2","0.9","n = 250",3,NA,0,0.006,0.006,0.006,994,994,0.168208866312542,0.0497672499881456,1.56905018924007,0.0352084749046722,0.896378269617706,0.00966669214348187,0.900402414486921,0.00949837995680667,1.87730027299794,0.0421254080995299,NA,NA
"bayes_adjv2","0.9","n = 250",4,0,0,0,0,0,1000,1000,-0.0268459181453266,0.0157680139009999,0.498628381043564,0.0111552485746318,0.897,0.00961202372032029,0.901,0.00944452222190196,0.654366112025267,0.0146393926137539,NA,NA
"bayes_adjv2","0.9","n = 250",5,NA,0,0.011,0.011,0.011,989,989,-0.0577681432815604,0.0234115404061036,0.73625479402213,0.0165628346230129,0.876643073811931,0.0104567091079629,0.878665318503539,0.0103825988319968,1.07335208789828,0.0241461967629518,NA,NA
"bayes_adjv2","0.9","n = 250",6,0,0,0,0,0,1000,1000,0.0406909456758668,0.0164026629373099,0.51869774573927,0.0116042377626258,0.899,0.00952885092757778,0.895,0.00969407035254026,0.591259800932211,0.0132275865200097,NA,NA
"bayes_adjv2","0.9","n = 250",7,NA,0,0.013,0.013,0.013,987,987,0.0794132427456927,0.0256980023074349,0.807342732300986,0.0181804439798893,0.868287740628166,0.0107643140065407,0.874366767983789,0.010549709755073,1.06628781661361,0.0240115940117921,NA,NA
"bayes_adjv2","0.9","n = 500",1,0,0,0,0,0,1000,1000,0.0861776521167832,0.0234383191010364,0.741184728851051,0.0165816872933516,0.909,0.00909499862561837,0.911,0.00900438781928011,0.581638027430781,0.0130123294684303,NA,NA
"bayes_adjv2","0.9","n = 500",2,0,0,0,0,0,1000,1000,0.06134268958225,0.0258416900701679,0.81718599209887,0.0182819775611079,0.885,0.0100883596287999,0.879,0.0103130499853341,0.603939718526313,0.0135112599691063,NA,NA
"bayes_adjv2","0.9","n = 500",3,NA,0,0.02,0.02,0.02,980,980,0.0129422324186902,0.0359048189257884,1.12399862173037,0.0254015041986197,0.894897959183673,0.00979668841552009,0.892857142857143,0.00988005955665157,1.10258087967029,0.0249174797039752,NA,NA
"bayes_adjv2","0.9","n = 500",4,0,0,0,0,0,1000,1000,-0.0108311070788529,0.0118110524620432,0.373498273437959,0.00835585426099566,0.891,0.00985489725973843,0.896,0.00965318600255895,0.378122026166439,0.0084592962490467,NA,NA
"bayes_adjv2","0.9","n = 500",5,NA,0,0.025,0.025,0.025,975,975,-0.0465872637334995,0.0169071895745783,0.527926825258919,0.0119613239849215,0.897435897435897,0.00971621470185991,0.905641025641026,0.0093619720866206,0.616223762378703,0.0139618820570521,NA,NA
"bayes_adjv2","0.9","n = 500",6,0,0,0,0,0,1000,1000,0.0360466813636195,0.0116149967788348,0.36729844836637,0.00821715258972683,0.909,0.00909499862561837,0.903,0.00935900635751467,0.347819816893136,0.00778137920770871,NA,NA
"bayes_adjv2","0.9","n = 500",7,NA,0,0.026,0.026,0.026,974,974,0.065564173544335,0.0177486366314703,0.55391672263689,0.0125566288823228,0.885010266940452,0.010221725380987,0.882956878850103,0.0103006164436148,0.605314239153429,0.0137217490420806,NA,NA
"bayes_adjv2","0.9","n = 750",1,0,0,0,0,0,1000,1000,0.050579512280098,0.0194776526966773,0.61593745995221,0.0137796718626691,0.904,0.00931579304192617,0.91,0.00904986187739901,0.522997518849051,0.0117004317212484,NA,NA
"bayes_adjv2","0.9","n = 750",2,0,0,0,0,0,1000,1000,0.0553115805004915,0.0208197571621723,0.658378529640682,0.0147291578930417,0.875,0.0104582503316759,0.879,0.0103130499853341,0.545863872392329,0.0122119947759562,NA,NA
"bayes_adjv2","0.9","n = 750",3,NA,0,0.039,0.039,0.039,961,961,0.024088884808371,0.0295106349027315,0.914829681984678,0.0208780355457619,0.906347554630593,0.00939821228853286,0.909469302809573,0.00925614738252115,0.841523355201707,0.019205055179642,NA,NA
"bayes_adjv2","0.9","n = 750",4,0,0,0,0,0,1000,1000,-0.000501362928521561,0.00947500723779281,0.299626037180059,0.00670319430510596,0.886,0.0100500746265886,0.886,0.0100500746265886,0.271311320847126,0.00606974119448878,NA,NA
"bayes_adjv2","0.9","n = 750",5,NA,0,0.027,0.027,0.027,973,973,-0.0372439955215617,0.0142224277486062,0.443639448071952,0.010061947014317,0.883864337101747,0.0102711527257639,0.880781089414183,0.0103884354403739,0.485171008741535,0.0110039019389644,NA,NA
"bayes_adjv2","0.9","n = 750",6,0,0,0,0,0,1000,1000,0.0188110688502884,0.00948455319186209,0.299927906753042,0.00670994769149904,0.913,0.00891240708226459,0.915,0.00881901355027874,0.278540210370982,0.00623146496036909,NA,NA
"bayes_adjv2","0.9","n = 750",7,NA,0,0.051,0.051,0.051,949,949,0.0083371919408383,0.0149492518064356,0.460524313108479,0.0105762911293497,0.896733403582719,0.00987821556570631,0.897787144362487,0.00983345978152965,0.441875731855351,0.0101480122765979,NA,NA
"bayes_unadj","0.1","n = 100",1,0,0,0,0,0,1000,1000,0.299682205274836,0.0504308303002022,1.59476288042072,0.0356778254608309,0.728,0.0140718158032288,0.734,0.0139729739139526,0.538345598487707,0.0120437969407614,-18.6413599497696,5.14494073990939
"bayes_unadj","0.1","n = 100",2,0,0,0,0,0,1000,1000,0.200060827993683,0.0522413263579952,1.65201579279454,0.0369586800881083,0.74,0.0138708327075198,0.73,0.0140392307481571,0.586788290335561,0.0131275504729132,-17.1195743342283,5.24444124742322
"bayes_unadj","0.1","n = 100",3,NA,0,0.004,0.004,0.004,996,996,0.188276355893642,0.0807182818424706,2.54742600667931,0.0571051188840974,0.617469879518072,0.0153996566554724,0.622489959839357,0.0153603375489284,0.810111712781817,0.0181601057485118,-13.2053904846883,5.49200865999414
"bayes_unadj","0.1","n = 100",4,0,0,0,0,0,1000,1000,0.00959738752315711,0.0240686550808279,0.761117702724001,0.0170276251637934,0.738,0.0139052508067996,0.741,0.0138534833164804,0.404101772481745,0.00904051171746144,-16.6605015215105,5.27287678123407
"bayes_unadj","0.1","n = 100",5,NA,0,0.004,0.004,0.004,996,996,0.0734747453725645,0.0395606034043407,1.24851158438705,0.027987624475709,0.608433734939759,0.0154660570544097,0.612449799196787,0.0154372366621639,0.566744397129618,0.0127045912580483,-14.0286175417487,5.43956887126673
"bayes_unadj","0.1","n = 100",6,0,0,0,0,0,1000,1000,0.193631081780538,0.0244780034247629,0.774062433956527,0.0173172229887876,0.699,0.0145051370210695,0.722,0.0141674274305535,0.33281891402221,0.00744578098119206,-18.8056894437088,5.1376492194272
"bayes_unadj","0.1","n = 100",7,NA,0,0.001,0.001,0.001,999,999,0.291066706733109,0.0383133695984443,1.21096918858285,0.0271052130224887,0.593593593593594,0.0155396821382934,0.604604604604605,0.0154692331377281,0.487172683164297,0.0109044222432768,-14.6259635074135,5.39950096944373
"bayes_unadj","0.1","n = 250",1,0,0,0,0,0,1000,1000,0.101587176775448,0.0329560553381999,1.04216197563262,0.0233151106819882,0.692,0.0145991780590552,0.691,0.0146122893483533,0.288611754240648,0.00645678421548508,-21.2587761196851,4.98135976351073
"bayes_unadj","0.1","n = 250",2,0,0,0,0,0,1000,1000,0.0830720795803911,0.034275549272338,1.08388803753915,0.0242486006522815,0.707,0.0143927412260486,0.701,0.0144775343204566,0.293652474899095,0.00656955455523706,-15.9053446906207,5.3205772087757
"bayes_unadj","0.1","n = 250",3,NA,0,0.006,0.006,0.006,994,994,0.0702752718972084,0.0507839577480105,1.60110471311667,0.0359277577595037,0.611670020120724,0.0154584471450093,0.612676056338028,0.0154511011090147,0.414776088319398,0.00930730807516398,-10.1130472575927,5.68777220962145
"bayes_unadj","0.1","n = 250",4,0,0,0,0,0,1000,1000,0.0294689847981639,0.0159820171635663,0.505395758407734,0.0113066474511611,0.724,0.0141359117144951,0.726,0.0141040419738457,0.191436707301564,0.00428279684318932,-10.1407217490598,5.68428710396695
"bayes_unadj","0.1","n = 250",5,NA,0,0.011,0.011,0.011,989,989,0.0452825960833837,0.0236314948557549,0.74317200302304,0.0167184445961705,0.622851365015167,0.0154116924777661,0.62891809908999,0.0153615057259,0.283694535484075,0.00638201029429762,-9.18302851651534,5.74589198616203
"bayes_unadj","0.1","n = 250",6,0,0,0,0,0,1000,1000,0.0723977390473501,0.0169474547215633,0.535925574627146,0.0119896564851688,0.681,0.0147390298188178,0.676,0.014799459449588,0.156542663110839,0.0035021518748723,-14.8422440528013,5.38568274871453
"bayes_unadj","0.1","n = 250",7,NA,0,0.013,0.013,0.013,987,987,0.121313171877071,0.025489104091878,0.800779869783392,0.0180326557487266,0.565349544072948,0.0157786563123981,0.567375886524823,0.0157700191973985,0.224824001875428,0.00506278189905959,-12.2701119891899,5.5510211757131
"bayes_unadj","0.1","n = 500",1,0,0,0,0,0,1000,1000,0.0172199703320224,0.0233837595879316,0.739459405556641,0.0165430885874767,0.685,0.0146892818068141,0.68,0.0147512711316686,0.179157282269613,0.00400808316103129,-23.4214168801674,4.84554655423725
"bayes_unadj","0.1","n = 500",2,0,0,0,0,0,1000,1000,0.0613833955004761,0.0245276832572448,0.775633448200712,0.0173523695128814,0.698,0.0145188153786733,0.697,0.0145324120503102,0.185837526811211,0.00415753271351142,-22.8070684529502,4.8826890246498
"bayes_unadj","0.1","n = 500",3,NA,0,0.02,0.02,0.02,980,980,0.0743683515975741,0.0393352387953097,1.23138775000499,0.0278284158869582,0.577551020408163,0.0157786292837862,0.58469387755102,0.0157411117487652,0.249790302057049,0.00564506867162215,-13.4487345803227,5.47477902588283
"bayes_unadj","0.1","n = 500",4,0,0,0,0,0,1000,1000,0.0153248177759799,0.0113844293607025,0.360007266411146,0.00805403522576297,0.716,0.0142598737722323,0.72,0.0141985914794391,0.11644258991541,0.0026050383102177,-6.22249623234444,5.92903420791316
"bayes_unadj","0.1","n = 500",5,NA,0,0.025,0.025,0.025,975,975,0.0330586072054693,0.0171827822905135,0.53653220505586,0.0121562974752609,0.608205128205128,0.0156333519292474,0.607179487179487,0.0156405966680054,0.151933950332177,0.00344239223559222,-5.51814110747861,5.96649663722279
"bayes_unadj","0.1","n = 500",6,0,0,0,0,0,1000,1000,0.0378969608268444,0.0120916053277361,0.38237013403473,0.00855433435968023,0.677,0.0147875285291356,0.668,0.0148921455808087,0.100571816310255,0.00224997945001668,-16.8324425951525,5.25761547592851
"bayes_unadj","0.1","n = 500",7,NA,0,0.026,0.026,0.026,974,974,0.0475804348569963,0.0179595415915105,0.560498849854833,0.0127058378253901,0.581108829568789,0.015808834823814,0.569815195071869,0.0158640864453152,0.134594680528674,0.00305110025364092,-12.1336597271712,5.55953004528789
"bayes_unadj","0.1","n = 750",1,0,0,0,0,0,1000,1000,-0.00191362290009333,0.0192294180719552,0.60808759186982,0.0136040556461315,0.699,0.0145051370210695,0.701,0.0144775343204566,0.163278387627126,0.00365284261805095,-33.7630628753568,4.19119515240366
"bayes_unadj","0.1","n = 750",2,0,0,0,0,0,1000,1000,0.0568964966604836,0.0201424486257963,0.636960153104448,0.0142499887895368,0.71,0.0143492160064583,0.712,0.0143197765345692,0.161044341259663,0.00360286282647921,-26.4233335197897,4.65294041105609
"bayes_unadj","0.1","n = 750",3,NA,0,0.039,0.039,0.039,961,961,0.0523929650981338,0.0309291516931305,0.958803702487046,0.0218816006696511,0.619146722164412,0.0156644064737312,0.613943808532778,0.0157046361553243,0.197881850669437,0.0045160147221883,-22.4990708546619,4.90372372447422
"bayes_unadj","0.1","n = 750",4,0,0,0,0,0,1000,1000,-0.0085860819967611,0.00930422800966257,0.294225523800688,0.00658237472991167,0.708,0.0143783170086071,0.706,0.0144070815920505,0.0912313179406769,0.00204101504870137,-3.02397660129379,6.1327122799663
"bayes_unadj","0.1","n = 750",5,NA,0,0.027,0.027,0.027,973,973,0.0141873082219721,0.0138940440223228,0.433396191599902,0.00982962523967827,0.635149023638232,0.0154326019147728,0.634121274409044,0.0154418141287792,0.116419758689525,0.00264045374784522,-4.48733560506671,6.04234818678276
"bayes_unadj","0.1","n = 750",6,0,0,0,0,0,1000,1000,0.0165855712683142,0.00979808099950016,0.309842526572396,0.00693175626239586,0.661,0.0149692685192029,0.67,0.0148694317309035,0.0754662851264312,0.00168832180757041,-17.4919747451604,5.21947723981771
"bayes_unadj","0.1","n = 750",7,NA,0,0.051,0.051,0.051,949,949,0.0156710189093857,0.0149016424893667,0.459057667932879,0.010542608507349,0.587987355110643,0.0159774018937903,0.586933614330875,0.0159834789144284,0.0998960909147245,0.00229418970969562,-12.7477859211142,5.5179340818092
"bayes_unadj","0.5","n = 100",1,0,0,0,0,0,1000,1000,0.100856614505242,0.0360291163831569,1.13934069854063,0.0254891802925774,0.682,0.0147267104269759,0.686,0.0146766481186952,0.305123608774817,0.00682618525393244,-13.969706932667,5.44219329839984
"bayes_unadj","0.5","n = 100",2,0,0,0,0,0,1000,1000,0.0685007014556143,0.0413964203581095,1.30906975309389,0.0292863363828831,0.634,0.0152329905140127,0.643,0.0151509405648626,0.298463340300435,0.00667718260340137,-8.26329873564492,5.80402976798858
"bayes_unadj","0.5","n = 100",3,NA,0,0.004,0.004,0.004,996,996,0.0913248814874172,0.0434724064339276,1.37196600565465,0.0307550765566599,0.647590361445783,0.0151371602253214,0.641566265060241,0.0151948189422462,0.333786496590735,0.0074824224608459,-9.37401990006825,5.73406130520728
"bayes_unadj","0.5","n = 100",4,0,0,0,0,0,1000,1000,-0.00924194889073457,0.0194416006970966,0.614797395623426,0.0137541664934158,0.678,0.0147755202954075,0.675,0.0148113132435986,0.219175907757922,0.004903374588292,-11.345522421078,5.60924290946313
"bayes_unadj","0.5","n = 100",5,NA,0,0.004,0.004,0.004,996,996,0.0106211654969487,0.0209585176976973,0.661439661819845,0.0148273553083948,0.630522088353414,0.0152937759491564,0.6285140562249,0.0153108401027255,0.219791202618357,0.00492701366881352,-9.83518570484929,5.70201546161066
"bayes_unadj","0.5","n = 100",6,0,0,0,0,0,1000,1000,0.0758432159864659,0.018695181584614,0.591193550778163,0.0132261043802748,0.641,0.0151696736945789,0.653,0.0150529399121899,0.175900380077006,0.0039352201734377,-14.0161557624721,5.43872214574998
"bayes_unadj","0.5","n = 100",7,NA,0,0.001,0.001,0.001,999,999,0.0956189275758635,0.0208843388252865,0.660090488161435,0.0147748542774011,0.620620620620621,0.0153520797364178,0.616616616616617,0.0153830166719933,0.176999266085964,0.00396178767991501,-12.6167117392959,5.52858536682072
"bayes_unadj","0.5","n = 250",1,0,0,0,0,0,1000,1000,0.0232954102679314,0.0247998060562973,0.784238726683374,0.0175448856715628,0.634,0.0152329905140127,0.634,0.0152329905140127,0.176515170788074,0.00394897419038511,-21.4076492533619,4.97309338764073
"bayes_unadj","0.5","n = 250",2,0,0,0,0,0,1000,1000,0.0617821985104813,0.0257394514862901,0.81395292420083,0.0182096477912183,0.656,0.0150221170279026,0.67,0.0148694317309035,0.173917480001695,0.00389085899369005,-19.6713284220781,5.08171677167184
"bayes_unadj","0.5","n = 250",3,NA,0,0.006,0.006,0.006,994,994,0.0731135392343682,0.0280578729049756,0.884602038523568,0.0198498995682627,0.601609657947686,0.0155281103382159,0.609657947686117,0.0154729313361778,0.177225349414828,0.00397682260907527,-15.3558954226539,5.35485687336182
"bayes_unadj","0.5","n = 250",4,0,0,0,0,0,1000,1000,0.00636347644647332,0.012531650145448,0.396285572999962,0.00886564873042945,0.651,0.0150731217735411,0.651,0.0150731217735411,0.102995211259661,0.00230419532316563,-17.5460670750928,5.21711556623419
"bayes_unadj","0.5","n = 250",5,NA,0,0.011,0.011,0.011,989,989,-0.0165119292320622,0.0134081368841866,0.421664054933937,0.00948578136949953,0.618806875631951,0.0154437210549409,0.626895854398382,0.0153785217225383,0.107844602743165,0.00242607903503291,-11.6721051204499,5.58909425047209
"bayes_unadj","0.5","n = 250",6,0,0,0,0,0,1000,1000,0.0289348094888228,0.0127004573826615,0.401623726551109,0.00898507319974661,0.621,0.0153414145371279,0.625,0.0153093108923949,0.0893287338792792,0.00199845068825601,-15.3004568858386,5.35139131930446
"bayes_unadj","0.5","n = 250",7,NA,0,0.013,0.013,0.013,987,987,0.0347026197867708,0.0135020648468716,0.424188378332608,0.00955224186785766,0.587639311043566,0.0156687904473474,0.591691995947315,0.0156452755906437,0.0913318244849152,0.00205668925004957,-15.8194194271055,5.32382880282692
"bayes_unadj","0.5","n = 500",1,0,0,0,0,0,1000,1000,-0.0153038446264259,0.0184835572496533,0.584501401710221,0.0130763885012966,0.572,0.0156465970741245,0.569,0.0156601085564564,0.178230960360266,0.00398735960908011,-25.8092940013583,4.69440097591139
"bayes_unadj","0.5","n = 500",2,0,0,0,0,0,1000,1000,0.0384149875407579,0.0189787256285281,0.600160000735595,0.0134267006196983,0.578,0.015617810345884,0.583,0.0155920171882922,0.171964997338967,0.00384717830829705,-26.5647818757863,4.64228018184078
"bayes_unadj","0.5","n = 500",3,NA,0,0.02,0.02,0.02,980,980,0.0601403550052292,0.0200883699186828,0.628865449734714,0.0142118753999995,0.574489795918367,0.0157936718890452,0.577551020408163,0.0157786292837862,0.17444166056889,0.00394224733704147,-25.1714035482411,4.73387473366267
"bayes_unadj","0.5","n = 500",4,0,0,0,0,0,1000,1000,-0.00573967506073596,0.00865330539501989,0.273641543372859,0.00612187262642685,0.646,0.0151223014121528,0.647,0.0151126106282138,0.0719576701804587,0.00160982753535695,-26.0291919457448,4.68049717124122
"bayes_unadj","0.5","n = 500",5,NA,0,0.025,0.025,0.025,975,975,-0.0247923404728528,0.00958834392273532,0.299395943027188,0.00678346259931561,0.602051282051282,0.0156757377720849,0.606153846153846,0.0156477691027858,0.0718202202424497,0.00162724241672515,-23.6289392708449,4.83095741716113
"bayes_unadj","0.5","n = 500",6,0,0,0,0,0,1000,1000,0.0205696588658264,0.00950305847866092,0.300513095303431,0.00672303945280024,0.601,0.0154854447788883,0.602,0.0154788888490098,0.0670875676234837,0.00150087424133605,-26.6479443296084,4.64089959860014
"bayes_unadj","0.5","n = 500",7,NA,0,0.026,0.026,0.026,974,974,0.00183875968037753,0.00995095782947923,0.310559174907534,0.00704000465403997,0.57700205338809,0.0158299057998606,0.578028747433265,0.0158247432700383,0.0679814595172942,0.00154105829117004,-28.2568485968293,4.53970492281349
"bayes_unadj","0.5","n = 750",1,0,0,0,0,0,1000,1000,0.0106458327782729,0.0150232774752226,0.475077747424071,0.0106283768960368,0.552,0.0157256478403912,0.55,0.0157321327225523,0.191401881470322,0.00428201772427212,-35.1863242013941,4.10078579097923
"bayes_unadj","0.5","n = 750",2,0,0,0,0,0,1000,1000,0.00431560565643673,0.015844649346477,0.501051806615658,0.0112094651328675,0.561,0.0156932788161047,0.56,0.0156971334962789,0.194692793823384,0.00435564158270332,-36.5405600988062,4.00889347798869
"bayes_unadj","0.5","n = 750",3,NA,0,0.039,0.039,0.039,961,961,0.000146329373899149,0.0154256891952728,0.478196365053456,0.0109132890023647,0.572320499479709,0.0159594225755136,0.572320499479709,0.0159594225755136,0.191477840975997,0.00436986386520585,-37.5700382361156,3.94898654224045
"bayes_unadj","0.5","n = 750",4,0,0,0,0,0,1000,1000,-0.0296230080296584,0.00778288253160693,0.246116355614153,0.0055060827452549,0.618,0.015364764885933,0.612,0.0154096073927923,0.064094535374847,0.00143391451743194,-29.7930496449948,4.44248652103198
"bayes_unadj","0.5","n = 750",5,NA,0,0.027,0.027,0.027,973,973,-0.0184715766248497,0.00796516709064121,0.248457042240151,0.00563512015268053,0.632065775950668,0.015460011434954,0.63103802672148,0.0154689967943024,0.0629635890885737,0.00142804320038219,-28.3254044507924,4.5208686255116
"bayes_unadj","0.5","n = 750",6,0,0,0,0,0,1000,1000,0.0105651372116206,0.00743609394639315,0.235149937655924,0.00526074348469912,0.632,0.0152504426165276,0.634,0.0152329905140127,0.0679390261025512,0.00151992295846903,-31.8481270944194,4.31078780369056
"bayes_unadj","0.5","n = 750",7,NA,0,0.051,0.051,0.051,949,949,0.0163133511140258,0.00817396982509206,0.251806036035156,0.00578291714341695,0.604847207586934,0.0158698295202007,0.598524762908325,0.0159124604432871,0.0663466898195259,0.00152370219557698,-35.5920879978293,4.07526643705642
"bayes_unadj","0.9","n = 100",1,0,0,0,0,0,1000,1000,0.213677396266514,0.048393334946581,1.53033162002619,0.0342363777755354,0.747,0.0137473997541353,0.754,0.0136192510807313,0.514952777736055,0.0115204558308945,-21.5112528659586,4.9638749065237
"bayes_unadj","0.9","n = 100",2,0,0,0,0,0,1000,1000,0.199996925940257,0.0503277671039147,1.59150373598866,0.0356049123101511,0.729,0.014055568291606,0.731,0.0140228028582021,0.544580914418621,0.0121832926088683,-20.3441392907581,5.03963696779149
"bayes_unadj","0.9","n = 100",3,NA,0,0.004,0.004,0.004,996,996,0.370650847404065,0.0819397501617201,2.58597489661807,0.0579692613310343,0.578313253012048,0.0156475691429373,0.590361445783133,0.0155822345396602,0.81346739092537,0.0182353292874181,-17.9708369875153,5.17899331777169
"bayes_unadj","0.9","n = 100",4,0,0,0,0,0,1000,1000,-0.0377828064154255,0.0250000489405863,0.790570962679323,0.0176865496226203,0.718,0.0142294061717276,0.725,0.0141200212464429,0.370324612939977,0.00828485354564852,-20.9329609997509,4.99654548282366
"bayes_unadj","0.9","n = 100",5,NA,0,0.004,0.004,0.004,996,996,-0.0740188351391776,0.0363725881134285,1.14789951886254,0.0257322247318547,0.63855421686747,0.0152226688717372,0.630522088353414,0.0152937759491564,0.516230138075318,0.0115722236206471,-20.8765704392102,5.00638862263991
"bayes_unadj","0.9","n = 100",6,0,0,0,0,0,1000,1000,0.132244053870415,0.02526777782584,0.799037293407517,0.0178759572604093,0.698,0.0145188153786733,0.711,0.0143345387090063,0.307630997762296,0.00688228023065655,-25.1819981516052,4.73004931246274
"bayes_unadj","0.9","n = 100",7,NA,0,0.001,0.001,0.001,999,999,0.184740062287234,0.0380874859259945,1.20382969209879,0.0269454091439935,0.5995995995996,0.0155022656408539,0.598598598598599,0.0155086696782665,0.433825570288703,0.00971034986533304,-19.4845484330747,5.08822588268285
"bayes_unadj","0.9","n = 250",1,0,0,0,0,0,1000,1000,0.0545953272411576,0.0326911035418048,1.03378346416501,0.0231276677251491,0.729,0.014055568291606,0.726,0.0141040419738457,0.283138559306867,0.00633433861811263,-20.4459850383323,5.03225461508854
"bayes_unadj","0.9","n = 250",2,0,0,0,0,0,1000,1000,0.0988680919926714,0.0340947459023595,1.07817053296149,0.0241206893916812,0.698,0.0145188153786733,0.708,0.0143783170086071,0.286206445445596,0.00640297296340314,-18.2397375277438,5.17280739229812
"bayes_unadj","0.9","n = 250",3,NA,0,0.006,0.006,0.006,994,994,0.16769542590036,0.0497682857444954,1.56908284432342,0.0352092076636946,0.604627766599598,0.0155079336629788,0.611670020120724,0.0154584471450093,0.399720397472537,0.00896946807680743,-14.5207367347766,5.40245210266297
"bayes_unadj","0.9","n = 250",4,0,0,0,0,0,1000,1000,-0.0265829232287169,0.0157767079093905,0.498903309728673,0.0111613992430239,0.735,0.0139561814261638,0.737,0.0139223202089307,0.189986736610333,0.0042503582895459,-15.4675933431736,5.3425565069834
"bayes_unadj","0.9","n = 250",5,NA,0,0.011,0.011,0.011,989,989,-0.0575995630749588,0.0234150673377177,0.736365710273858,0.0165653298020587,0.619817997977755,0.0154358205966844,0.643073811931244,0.0152342638511154,0.258911489832028,0.00582448932476069,-15.8451653237252,5.3216401428011
"bayes_unadj","0.9","n = 250",6,0,0,0,0,0,1000,1000,0.0403642626422097,0.0164089673186092,0.518897107780708,0.0116086978640022,0.693,0.0145859864253331,0.687,0.0146639353517397,0.158286152298864,0.00354115698573039,-16.652098733281,5.27340261245313
"bayes_unadj","0.9","n = 250",7,NA,0,0.013,0.013,0.013,987,987,0.0793745739280286,0.0256955115091236,0.807264479995993,0.0181786818266051,0.579533941236069,0.0157125377370833,0.588652482269504,0.01566301464432,0.224481722451607,0.00505507415408181,-14.5328349101053,5.39792793250036
"bayes_unadj","0.9","n = 500",1,0,0,0,0,0,1000,1000,0.0860218604205153,0.0234559914853637,0.741743578712655,0.0165941898089706,0.69,0.0146253205093085,0.698,0.0145188153786733,0.170839768060246,0.00382200482683312,-22.972963269345,4.87235005411657
"bayes_unadj","0.9","n = 500",2,0,0,0,0,0,1000,1000,0.0613734170091376,0.02585884881106,0.817728599128867,0.018294116694234,0.659,0.0149906304070242,0.666,0.0149145566477854,0.172988350047341,0.00387007262052522,-21.5271194633596,4.9626243428758
"bayes_unadj","0.9","n = 500",3,NA,0,0.02,0.02,0.02,980,980,0.0125390638682254,0.0359195533523618,1.12445988224236,0.0254119283313591,0.622448979591837,0.0154855511126392,0.624489795918367,0.0154689382876507,0.249283504414079,0.00563361543475256,-16.3654747254395,5.29172417164813
"bayes_unadj","0.9","n = 500",4,0,0,0,0,0,1000,1000,-0.0107290124727347,0.0118207874915862,0.373806122102408,0.0083627414108368,0.693,0.0145859864253331,0.703,0.0144496020706454,0.112718507251216,0.00252172362254465,-14.1125052139933,5.42532840669349
"bayes_unadj","0.9","n = 500",5,NA,0,0.025,0.025,0.025,975,975,-0.0464772897737721,0.0169191812417884,0.528301264947542,0.0119698077258761,0.593846153846154,0.0157282336174933,0.596923076923077,0.0157090833485293,0.147782175918591,0.00334832480712075,-13.0394599585653,5.50155650296771
"bayes_unadj","0.9","n = 500",6,0,0,0,0,0,1000,1000,0.0360836373398632,0.0116138779241133,0.367263067073463,0.00821636104409429,0.702,0.0144636095080032,0.7,0.0144913767461894,0.0954975628672786,0.00213645891921853,-18.8410105288351,5.13147875475701
"bayes_unadj","0.9","n = 500",7,NA,0,0.026,0.026,0.026,974,974,0.0658363609386224,0.0177575084993281,0.554193604521934,0.0125629054631384,0.564681724845996,0.0158864125971319,0.57700205338809,0.0158299057998606,0.132556049649085,0.00300488693250992,-12.3090996363723,5.54554957872204
"bayes_unadj","0.9","n = 750",1,0,0,0,0,0,1000,1000,0.0501189169872799,0.0194834075213277,0.616119443486511,0.0137837431743689,0.677,0.0147875285291356,0.67,0.0148694317309035,0.162041234539338,0.00362516519184776,-31.508036202854,4.33397682974274
"bayes_unadj","0.9","n = 750",2,0,0,0,0,0,1000,1000,0.054963099163067,0.0208376445640242,0.658944178953427,0.0147418125250875,0.673,0.0148347901906296,0.667,0.0149033888763596,0.163529042767325,0.00365845024188812,-30.3761615049133,4.39969618352809
"bayes_unadj","0.9","n = 750",3,NA,0,0.039,0.039,0.039,961,961,0.0245270889011566,0.0295215465096684,0.915167941799719,0.0208857552345534,0.626430801248699,0.0156048783860665,0.628511966701353,0.0155871780338137,0.192902655109593,0.00440238065025681,-18.4059434878201,5.16260209448844
"bayes_unadj","0.9","n = 750",4,0,0,0,0,0,1000,1000,-0.000298869579745072,0.00948041618293183,0.299797083043841,0.00670702092067919,0.712,0.0143197765345692,0.712,0.0143197765345692,0.0815030553964285,0.00182337563825857,-10.9376627385364,5.63466863683609
"bayes_unadj","0.9","n = 750",5,NA,0,0.027,0.027,0.027,973,973,-0.0367864231519205,0.0142315299061599,0.443923371198495,0.0100683865215967,0.602261048304214,0.0156904366628805,0.608427543679342,0.0156478286149045,0.118877849142025,0.00269620437145847,-12.4590495725452,5.53025524819436
"bayes_unadj","0.9","n = 750",6,0,0,0,0,0,1000,1000,0.018936751464309,0.00948801083745583,0.30003724710722,0.00671239383952525,0.704,0.0144355117678592,0.692,0.0145991780590552,0.0770808588648417,0.0017244428389412,-16.9205929745333,5.25487049573691
"bayes_unadj","0.9","n = 750",7,NA,0,0.051,0.051,0.051,949,949,0.00867054617701631,0.0149548333731016,0.460696257978241,0.0105802399740666,0.589041095890411,0.0159712493017888,0.586933614330875,0.0159834789144284,0.0997749669194388,0.00229140800501591,-12.7456585530003,5.52121032477547
"riid_dith","0.1","n = 100",1,0,0,0,0,0,1000,1000,0.132113468143623,0.0548175283413962,1.73348245259644,0.038781241488912,0.88,0.0102761860629321,0.872,0.0105648473723003,1.66177174689882,0.0371769390104911,-3.87190338485606,6.08249249391977
"riid_dith","0.1","n = 100",2,0,0,0,0,0,1000,1000,-0.00585166952460337,0.056384065649592,1.78302071193172,0.0398895049128331,0.868,0.0107040179372047,0.869,0.0106695360723885,1.82657635481365,0.0408639260281314,-3.45353886491303,6.10804233453136
"riid_dith","0.1","n = 100",3,0,0,0,0,0,1000,1000,-0.13456987011419,0.0857565714206267,2.71186090016082,0.0606693954680363,0.882,0.0102017645532525,0.88,0.0102761860629321,3.39742833249114,0.0760068199169039,-1.6386646459425,6.22213777215552
"riid_dith","0.1","n = 100",4,0,0,0,0,0,1000,1000,0.00727156412298165,0.0267882608158664,0.847119187327783,0.0189516390687675,0.884,0.0101264011376204,0.884,0.0101264011376204,1.14085333415875,0.0255230207777252,3.23721339695553,6.53255909381819
"riid_dith","0.1","n = 100",5,0,0,0,0,0,1000,1000,0.0905483731338798,0.0429145664616835,1.35707774817593,0.0303603649361496,0.881,0.0102390917565964,0.879,0.0103130499853341,1.70124846152107,0.0380601068791135,1.57298527534662,6.42433338792138
"riid_dith","0.1","n = 100",6,0,0,0,0,0,1000,1000,0.0316494056116788,0.027034836894522,0.85491660757843,0.0191260819293098,0.887,0.0100115433375679,0.884,0.0101264011376204,1.02820810685895,0.0230029365646178,-0.957607325393317,6.26456207224721
"riid_dith","0.1","n = 100",7,0,0,0,0,0,1000,1000,0.0729571443556161,0.0409796017578285,1.29588879161378,0.0289914536458524,0.88,0.0102761860629321,0.884,0.0101264011376204,1.76482876522762,0.0394825170732803,-2.23236808317406,6.18587171349405
"riid_dith","0.1","n = 250",1,0,0,0,0,0,1000,1000,0.0161852306614166,0.0344303189128854,1.0887822833069,0.0243580940750393,0.861,0.0109397897603199,0.863,0.0108734079294396,0.856805633612556,0.0191683429713518,-14.056347897527,5.42716557991162
"riid_dith","0.1","n = 250",2,0,0,0,0,0,1000,1000,0.00527087502596629,0.0360708103309829,1.14065917693838,0.0255186771179213,0.887,0.0100115433375679,0.887,0.0100115433375679,0.898769024372751,0.0201071424315524,-6.86533727215721,5.88477769771898
"riid_dith","0.1","n = 250",3,0,0,0,0,0,1000,1000,-0.0434234329660924,0.0524688574236421,1.65921095685343,0.0371196493523212,0.878,0.0103496859855746,0.879,0.0103130499853341,1.49135070842428,0.0333643019468893,-3.47042374223108,6.10346149341932
"riid_dith","0.1","n = 250",4,0,0,0,0,0,1000,1000,0.025156620893229,0.017183034213889,0.543375252284901,0.0121563196941486,0.869,0.0106695360723885,0.87,0.0106348483769163,0.542230669345788,0.0121307132351393,3.87222875178503,6.56578957684093
"riid_dith","0.1","n = 250",5,0,0,0,0,0,1000,1000,0.0354828288051385,0.0246627598651418,0.779904945596353,0.0174479308909452,0.868,0.0107040179372047,0.864,0.0108399261990108,0.861679661521282,0.019277384082826,0.0165069785296401,6.32816777227252
"riid_dith","0.1","n = 250",6,0,0,0,0,0,1000,1000,0.014708905892951,0.0178071979982973,0.563113044202107,0.0125978909795416,0.895,0.00969407035254026,0.895,0.00969407035254026,0.487645947480595,0.0109095510150727,-5.98299347679168,5.94912142583834
"riid_dith","0.1","n = 250",7,0,0,0,0,0,1000,1000,0.0407704787978642,0.026628518336542,0.842067686590307,0.018838627558505,0.87,0.0106348483769163,0.87,0.0106348483769163,0.778902136403279,0.01742549617554,-2.99027247032978,6.12716790714018
"riid_dith","0.1","n = 500",1,0,0,0,0,0,1000,1000,-0.0265023357642348,0.0243271497683766,0.769292022481075,0.0172104999705339,0.884,0.0101264011376204,0.885,0.0100883596287999,0.515779908944522,0.0115389603015285,-17.1178306579941,5.24367318576693
"riid_dith","0.1","n = 500",2,0,0,0,0,0,1000,1000,0.016308106618195,0.0252124460776277,0.797287549894819,0.017836812228622,0.897,0.00961202372032029,0.899,0.00952885092757778,0.556368943564458,0.0124470128468772,-18.4367653536628,5.15678989405567
"riid_dith","0.1","n = 500",3,0,0,0,0,0,1000,1000,-0.00136390368463824,0.0392245420011527,1.24038892900582,0.0277498180174231,0.867,0.0107382959542006,0.867,0.0107382959542006,0.872341212454908,0.0195159028983952,-12.1787677065052,5.55571731016493
"riid_dith","0.1","n = 500",4,0,0,0,0,0,1000,1000,0.0148384057562515,0.0121934522239454,0.385590815681128,0.0086263870259768,0.882,0.0102017645532525,0.88,0.0102761860629321,0.327540367745751,0.00732769003798631,7.57949388619239,6.80689384247042
"riid_dith","0.1","n = 500",5,0,0,0,0,0,1000,1000,0.0290624996039975,0.017627285022311,0.557423696354746,0.0124706096376091,0.875,0.0104582503316759,0.877,0.0103860964755773,0.489980787508335,0.0109617857491585,1.9829786011244,6.4354255889501
"riid_dith","0.1","n = 500",6,0,0,0,0,0,1000,1000,0.0121197955739915,0.0127035923464532,0.40172286281075,0.00898729106311158,0.884,0.0101264011376204,0.886,0.0100500746265886,0.289109534348663,0.00646792048660706,-8.20075318124519,5.80602032643516
"riid_dith","0.1","n = 500",7,0,0,0,0,0,1000,1000,0.00293847196209757,0.0182861313444443,0.57825824641441,0.0129367174519492,0.89,0.00989444288477123,0.89,0.00989444288477123,0.453996260631316,0.0101567446455744,-6.47736035080237,5.91142163256793
"riid_dith","0.1","n = 750",1,0,0,0,0,0,1000,1000,-0.0417730249555315,0.0197818728719305,0.625557746591966,0.0139948956503746,0.894,0.00973468027209934,0.894,0.00973468027209934,0.376261568682454,0.00841767433885188,-29.9024608699189,4.43484735380627
"riid_dith","0.1","n = 750",2,0,0,0,0,0,1000,1000,0.0295836607496786,0.0204422389339503,0.646440355046554,0.0144620786208066,0.895,0.00969407035254026,0.9,0.00948683298050514,0.406974641721706,0.00910478317033603,-24.2168770002266,4.7844370145268
"riid_dith","0.1","n = 750",3,0,0,0,0,0,1000,1000,0.00523205822580135,0.0309654001699144,0.979211931954944,0.0219068005823128,0.899,0.00952885092757778,0.899,0.00952885092757778,0.650847573472954,0.0145606763319242,-19.1647291115646,5.11481752726976
"riid_dith","0.1","n = 750",4,0,0,0,0,0,1000,1000,-0.0146554713163818,0.00994439893349597,0.314469505911966,0.00703527043576594,0.884,0.0101264011376204,0.886,0.0100500746265886,0.239545574704931,0.00535908209876459,10.7798464178726,7.00952292128557
"riid_dith","0.1","n = 750",5,0,0,0,0,0,1000,1000,0.00966752327090594,0.0144187730964318,0.455961640498831,0.010200713865537,0.882,0.0102017645532525,0.88,0.0102761860629321,0.372103716653088,0.00832465541997879,5.7176240066618,6.68928896563094
"riid_dith","0.1","n = 750",6,0,0,0,0,0,1000,1000,-0.0030465404505766,0.0102382027816899,0.323760399368116,0.00724312508248073,0.885,0.0100883596287999,0.887,0.0100115433375679,0.221719677647474,0.00496028347377346,-9.91310960737427,5.69728501858315
"riid_dith","0.1","n = 750",7,0,0,0,0,0,1000,1000,0.000521956461502242,0.0149175179322422,0.471733337022907,0.0105535561863081,0.893,0.00977501918156686,0.893,0.00977501918156686,0.342397587620923,0.00766007380741522,-7.86278067144429,5.8253666775155
"riid_dith","0.5","n = 100",1,0,0,0,0,0,1000,1000,-0.0108973081733565,0.0371966419106014,1.17626109747178,0.0263151586026959,0.895,0.00969407035254026,0.895,0.00969407035254026,0.965797474459997,0.0216066941031413,-8.3037346873816,5.79985425107024
"riid_dith","0.5","n = 100",2,0,0,0,0,0,1000,1000,-0.056264953510603,0.0420162913825128,1.32867179602045,0.0297248707097073,0.876,0.0104222838188182,0.874,0.010493998284734,0.985873525385272,0.0220558328745841,-5.49539412574965,5.97644519110217
"riid_dith","0.5","n = 100",3,0,0,0,0,0,1000,1000,-0.0316570573102218,0.043795654809122,1.38494020815332,0.0309837002270492,0.875,0.0104582503316759,0.879,0.0103130499853341,1.09588507282414,0.0245169967481528,-7.65187900687725,5.84177346182697
"riid_dith","0.5","n = 100",4,0,0,0,0,0,1000,1000,-0.00309142758437612,0.0206307245706899,0.652400794229794,0.0145954247824588,0.88,0.0102761860629321,0.881,0.0102390917565964,0.592864978287585,0.0132634973367348,-0.168959202070063,6.31700878214862
"riid_dith","0.5","n = 100",5,0,0,0,0,0,1000,1000,0.0150841649914448,0.0223087563429752,0.705464818095301,0.0157825661468374,0.859,0.0110054077616415,0.854,0.0111661989951818,0.652183691055736,0.0145905677787963,2.56692774722236,6.49014792718811
"riid_dith","0.5","n = 100",6,0,0,0,0,0,1000,1000,0.011959298217825,0.0195602441597625,0.61854923133856,0.0138381020686952,0.898,0.00957057991973318,0.896,0.00965318600255895,0.532343054777076,0.0119095088221589,-5.87477539122416,5.93922546350153
"riid_dith","0.5","n = 100",7,0,0,0,0,0,1000,1000,0.0268496543498484,0.0218930612893065,0.692319386278712,0.0154884782747671,0.875,0.0104582503316759,0.874,0.010493998284734,0.581668648230322,0.0130130145129312,-3.87542785746838,6.0784277221046
"riid_dith","0.5","n = 250",1,0,0,0,0,0,1000,1000,-0.0241233948140871,0.0247945427013116,0.784072284784485,0.0175411620552867,0.893,0.00977501918156686,0.892,0.00981509042240569,0.502053842848325,0.0112318825557041,-21.4410056065497,4.96613953925973
"riid_dith","0.5","n = 250",2,0,0,0,0,0,1000,1000,0.0141569560854696,0.0260091603077542,0.822481866009492,0.0184004561558667,0.879,0.0103130499853341,0.878,0.0103496859855746,0.528399069658569,0.0118212745056935,-17.9790731932405,5.18523379027503
"riid_dith","0.5","n = 250",3,0,0,0,0,0,1000,1000,0.0268866477629635,0.0279605425300608,0.88418999008999,0.0197809821936175,0.89,0.00989444288477123,0.89,0.00989444288477123,0.539178555951916,0.0120624317556227,-15.4347316590753,5.32702043850374
"riid_dith","0.5","n = 250",4,0,0,0,0,0,1000,1000,0.0100493330744516,0.0129213424942385,0.408608727089148,0.00914134071330588,0.885,0.0100883596287999,0.882,0.0102017645532525,0.283991356238063,0.00635341727892063,-12.3382516603624,5.53750355940416
"riid_dith","0.5","n = 250",5,0,0,0,0,0,1000,1000,-0.00857661524758685,0.0138707933739702,0.438633000153176,0.00981303980231661,0.886,0.0100500746265886,0.885,0.0100883596287999,0.327886149754593,0.00733542582762024,-4.41993468162068,6.04722060148114
"riid_dith","0.5","n = 250",6,0,0,0,0,0,1000,1000,0.00118116419820646,0.0131618627747588,0.416214646188216,0.00931149933526613,0.887,0.0100115433375679,0.886,0.0100500746265886,0.276287495750575,0.00618106752509726,-9.03442654032228,5.75553557804286
"riid_dith","0.5","n = 250",7,0,0,0,0,0,1000,1000,0.00559310363757023,0.0140057149581916,0.442899595269755,0.00990849150723788,0.882,0.0102017645532525,0.885,0.0100883596287999,0.294046077573768,0.0065783601825189,-8.22910823532206,5.80630222389899
"riid_dith","0.5","n = 500",1,0,0,0,0,0,1000,1000,-0.0466286776380148,0.0186954736145546,0.591202785575734,0.0132263109799517,0.894,0.00973468027209934,0.899,0.00952885092757778,0.297640499316722,0.00665877411311145,-24.0983296910784,4.80079611773368
"riid_dith","0.5","n = 500",2,0,0,0,0,0,1000,1000,0.016314484887058,0.0190468279987785,0.602313586776068,0.0134748803634145,0.889,0.00993373041711924,0.883,0.010164201887015,0.317570332585959,0.00710464172237994,-26.0368133081419,4.67521748925885
"riid_dith","0.5","n = 500",3,0,0,0,0,0,1000,1000,0.0235496524909977,0.0200374389657355,0.633639456083328,0.0141756985924282,0.894,0.00973468027209934,0.892,0.00981509042240569,0.354525260526579,0.00793139251095809,-24.0309746966673,4.80684449194109
"riid_dith","0.5","n = 500",4,0,0,0,0,0,1000,1000,0.00400587137879307,0.0087435335380931,0.276494807784448,0.006185705482659,0.886,0.0100500746265886,0.887,0.0100115433375679,0.180958056479717,0.00404836984487078,-24.4785602297244,4.77663038376605
"riid_dith","0.5","n = 500",5,0,0,0,0,0,1000,1000,-0.0135843104412613,0.00959841902859881,0.303528660670731,0.00679050328467213,0.877,0.0103860964755773,0.875,0.0104582503316759,0.195396483638582,0.00437138443871875,-21.5060089432738,4.96568006021538
"riid_dith","0.5","n = 500",6,0,0,0,0,0,1000,1000,0.0114976696536961,0.00957430814306144,0.302766207523714,0.00677344578312422,0.881,0.0102390917565964,0.881,0.0102390917565964,0.163311619334744,0.00365358607344405,-25.5438994325894,4.70481305330508
"riid_dith","0.5","n = 500",7,0,0,0,0,0,1000,1000,-0.0151004310046548,0.00995310070502971,0.314744680089216,0.00704142659627594,0.888,0.00997276290703835,0.891,0.00985489725973843,0.175132683407098,0.00391804536448515,-26.3100065771525,4.65589569640229
"riid_dith","0.5","n = 750",1,0,0,0,0,0,1000,1000,-0.00373585583129901,0.0144282422854742,0.456261082548517,0.0102074129436981,0.892,0.00981509042240569,0.893,0.00977501918156686,0.213683336570035,0.00478049550791051,-40.2188688386202,3.78258309818155
"riid_dith","0.5","n = 750",2,0,0,0,0,0,1000,1000,-0.0121489792817738,0.0154381984527189,0.488198700802789,0.0109219171397137,0.892,0.00981509042240569,0.89,0.00989444288477123,0.220676924689744,0.00493695514171769,-39.7545561176507,3.80454027887149
"riid_dith","0.5","n = 750",3,0,0,0,0,0,1000,1000,-0.0290952987894416,0.0150899769091779,0.477186968723498,0.0106755641176,0.914,0.00886588969026797,0.918,0.00867617427210864,0.243560175331433,0.00544889621608935,-37.8333194733257,3.93346805227588
"riid_dith","0.5","n = 750",4,0,0,0,0,0,1000,1000,-0.0120054481652087,0.0074995872049161,0.237157770785908,0.00530566246346739,0.888,0.00997276290703835,0.882,0.0102017645532525,0.134165536456183,0.00300153373978683,-34.8110664585868,4.12477825870537
"riid_dith","0.5","n = 750",5,0,0,0,0,0,1000,1000,-0.00403024992120205,0.00767788807734378,0.242796139442574,0.00543180330564907,0.882,0.0102017645532525,0.88,0.0102761860629321,0.142768052435682,0.00319398809611071,-31.5542978202643,4.33105018808
"riid_dith","0.5","n = 750",6,0,0,0,0,0,1000,1000,-0.00314571846955532,0.0071750775540907,0.226895874592766,0.00507608467120056,0.886,0.0100500746265886,0.888,0.00997276290703835,0.125947658655036,0.00281768445821189,-36.5485927141278,4.01472669318538
"riid_dith","0.5","n = 750",7,0,0,0,0,0,1000,1000,0.00814486772605906,0.0076235054964559,0.241076411236133,0.00539332977234657,0.904,0.00931579304192617,0.908,0.00913980306133562,0.133500215926604,0.002986649276384,-40.9640735409553,3.73434298364662
"riid_dith","0.9","n = 100",1,0,0,0,0,0,1000,1000,-0.0635700432131998,0.0537284877548307,1.69904396541732,0.0380107881821559,0.867,0.0107382959542006,0.873,0.0105295299040366,1.70949583127318,0.0382446159507375,-3.25121332456915,6.12184778276283
"riid_dith","0.9","n = 100",2,0,0,0,0,0,1000,1000,-0.0560265476840615,0.0555370751162051,1.75623651951068,0.03929029248192,0.863,0.0108734079294396,0.864,0.0108399261990108,1.77974821837614,0.0398162931173174,-3.00074086192232,6.13516351640532
"riid_dith","0.9","n = 100",3,0,0,0,0,0,1000,1000,-0.0372439523219549,0.0883637536545629,2.79430724150446,0.0625138741754705,0.857,0.0110702755159933,0.858,0.0110379345894058,3.41363140389611,0.0763693128997875,-4.22151054217503,6.05674976393853
"riid_dith","0.9","n = 100",4,0,0,0,0,0,1000,1000,0.00986493654340864,0.028607804541255,0.904658212072743,0.0202388945643905,0.867,0.0107382959542006,0.867,0.0107382959542006,1.05607007512554,0.0236262608550278,3.53395803898342,6.55066724811287
"riid_dith","0.9","n = 100",5,0,0,0,0,0,1000,1000,-0.0465454552084629,0.0410960681630475,1.29957178272762,0.0290738490387642,0.873,0.0105295299040366,0.879,0.0103130499853341,1.65209566938005,0.0369604670765763,1.41399743668273,6.4165822057238
"riid_dith","0.9","n = 100",6,0,0,0,0,0,1000,1000,-0.0667379273039199,0.0285616497949967,0.903198670842708,0.0202062418999114,0.886,0.0100500746265886,0.885,0.0100883596287999,1.01373708054356,0.0226791926667265,-4.40424977677111,6.04889107279043
"riid_dith","0.9","n = 100",7,0,0,0,0,0,1000,1000,-0.0801150235429902,0.0419021353409134,1.32506186501922,0.029644109808028,0.879,0.0103130499853341,0.876,0.0104222838188182,1.69327520014968,0.0378817301241398,-2.45130994604242,6.17252377083204
"riid_dith","0.9","n = 250",1,0,0,0,0,0,1000,1000,-0.0480734237050638,0.0347450508533355,1.09873498114917,0.0245807545224578,0.879,0.0103130499853341,0.88,0.0102761860629321,0.866207404688762,0.0193786781576029,-10.13535900124,5.68360068644708
"riid_dith","0.9","n = 250",2,0,0,0,0,0,1000,1000,-0.00776413525567121,0.0359810313430223,1.13782011605858,0.0254551620212346,0.884,0.0101264011376204,0.884,0.0101264011376204,0.885489190650396,0.0198100477377193,-8.94274039936044,5.75670942029673
"riid_dith","0.9","n = 250",3,0,0,0,0,0,1000,1000,-0.00455109145505816,0.0522947285398248,1.65370451806058,0.0369964600277049,0.885,0.0100883596287999,0.885,0.0100883596287999,1.54830462931835,0.0346384675760972,-5.05221271398726,6.00755304800396
"riid_dith","0.9","n = 250",4,0,0,0,0,0,1000,1000,-0.0223524227739941,0.0169918880074533,0.537330678500524,0.0120210912842629,0.892,0.00981509042240569,0.896,0.00965318600255895,0.542230548863055,0.0121307105397154,-1.94409835003821,6.20315796974967
"riid_dith","0.9","n = 250",5,0,0,0,0,0,1000,1000,-0.0454244781334975,0.0251340129223179,0.794807275746292,0.0177813238615096,0.88,0.0102761860629321,0.878,0.0103496859855746,0.837893100543547,0.0187452342683952,-1.95721812608298,6.1990095759356
"riid_dith","0.9","n = 250",6,0,0,0,0,0,1000,1000,-0.0352517111235831,0.0176937090547676,0.559524208694107,0.0125176020234628,0.884,0.0101264011376204,0.882,0.0102017645532525,0.497964072121765,0.0111403867427852,-3.08970135451835,6.13015197204812
"riid_dith","0.9","n = 250",7,0,0,0,0,0,1000,1000,-0.0307188007229891,0.0272810656269433,0.862703043776702,0.0193002790560768,0.871,0.0105999528300837,0.872,0.0105648473723003,0.776591622920933,0.017373805671729,-2.39090819046074,6.17640766791554
"riid_dith","0.9","n = 500",1,0,0,0,0,0,1000,1000,0.0214529676062521,0.0243212068767887,0.769104091748024,0.0172062956088856,0.894,0.00973468027209934,0.894,0.00973468027209934,0.48412664694363,0.0108308176862227,-17.1856030349826,5.24003785413072
"riid_dith","0.9","n = 500",2,0,0,0,0,0,1000,1000,0.00734907599938382,0.0269508085043735,0.852259396568564,0.0190666351540014,0.875,0.0104582503316759,0.874,0.010493998284734,0.532239374067043,0.0119071892909473,-14.7597298886864,5.39220843674708
"riid_dith","0.9","n = 500",3,0,0,0,0,0,1000,1000,-0.0816172381470864,0.0370226551433056,1.17075915279793,0.0261920698199191,0.898,0.00957057991973318,0.894,0.00973468027209934,0.860247478963868,0.0192453434829733,-9.33643576137215,5.73524419304675
"riid_dith","0.9","n = 500",4,0,0,0,0,0,1000,1000,-0.00467662329311132,0.0125478276759321,0.396797151432427,0.00887709369585165,0.878,0.0103496859855746,0.877,0.0103860964755773,0.317141933951647,0.00709505764446448,-3.22254280802184,6.12129117493541
"riid_dith","0.9","n = 500",5,0,0,0,0,0,1000,1000,-0.0404354930183028,0.0177430961261758,0.56108596502026,0.0125525414306317,0.895,0.00969407035254026,0.9,0.00948683298050514,0.464676274887879,0.0103956765201766,-1.911580257306,6.20307559926951
"riid_dith","0.9","n = 500",6,0,0,0,0,0,1000,1000,0.00502921421205119,0.0121160115945694,0.383141927958479,0.00857160083185695,0.897,0.00961202372032029,0.897,0.00961202372032029,0.287102623784313,0.00642302214735586,-11.6713733693407,5.58780062839477
"riid_dith","0.9","n = 500",7,0,0,0,0,0,1000,1000,0.0104226637119242,0.0184765150342067,0.58427870730437,0.0130714064113317,0.892,0.00981509042240569,0.891,0.00985489725973843,0.44752418215854,0.0100119521570136,-2.52985113220715,6.16713960272259
"riid_dith","0.9","n = 750",1,0,0,0,0,0,1000,1000,0.0140244687262457,0.0202479413797522,0.640296126895892,0.0143246207565422,0.88,0.0102761860629321,0.884,0.0101264011376204,0.361558232290415,0.00808873323047303,-26.0272883441287,4.67991445757619
"riid_dith","0.9","n = 750",2,0,0,0,0,0,1000,1000,0.00842408700081791,0.0212147139739665,0.670868160667361,0.0150085742760732,0.897,0.00961202372032029,0.898,0.00957057991973318,0.393184216987276,0.00879626560151984,-27.8335947077141,4.56584709135153
"riid_dith","0.9","n = 750",3,0,0,0,0,0,1000,1000,-0.0225703859721729,0.0299920043398569,0.948430453076026,0.0212181613843785,0.883,0.010164201887015,0.887,0.0100115433375679,0.628708555977495,0.0140653851436387,-12.3669537642842,5.54513869007127
"riid_dith","0.9","n = 750",4,0,0,0,0,0,1000,1000,0.00265639441034489,0.00976632738096209,0.308838388987072,0.00690929182837391,0.889,0.00993373041711924,0.889,0.00993373041711924,0.233872341679197,0.00523216127550254,-5.48476055083311,5.97899251682538
"riid_dith","0.9","n = 750",5,0,0,0,0,0,1000,1000,-0.0333585584018096,0.0147277738778993,0.465733103180924,0.0104193197437832,0.886,0.0100500746265886,0.886,0.0100500746265886,0.366577813530915,0.00820103064194636,-3.64606558304829,6.09094846005028
"riid_dith","0.9","n = 750",6,0,0,0,0,0,1000,1000,-0.00842186888671987,0.00982637442396744,0.310737243213622,0.00695177274544451,0.892,0.00981509042240569,0.895,0.00969407035254026,0.213927066985734,0.00478594821272173,-10.8893398791892,5.63417671788591
"riid_dith","0.9","n = 750",7,0,0,0,0,0,1000,1000,-0.0249247736374179,0.0150906925747308,0.477209600055401,0.0106760704227815,0.888,0.00997276290703835,0.889,0.00993373041711924,0.340058578528294,0.00760774580355794,-6.3784085610187,5.92407273101971
"riid_nodith","0.1","n = 100",1,NA,0.039,0,0,0.039,1000,961,0.123,0.0559106161385921,1.7680489238132,0.0395545580377288,0.929240374609781,0.0082717062730045,0.927159209157128,0.00838306416901779,1.86744924766827,0.0426185032476651,0,0
"riid_nodith","0.1","n = 100",2,NA,0.035,0,0,0.035,1000,965,-0.0122242172277,0.0573836551980081,1.81463050891466,0.0405966751344727,0.910880829015544,0.00917176023739886,0.910880829015544,0.00917176023739886,2.00675544778708,0.0457026029749313,0,0
"riid_nodith","0.1","n = 100",3,NA,0.016,0,0,0.016,1000,984,-0.120396862970529,0.0864679576936318,2.73435690934957,0.0611726732275422,0.919715447154472,0.00866253869522453,0.919715447154472,0.00866253869522453,3.82393224482029,0.0862419230091818,0,0
"riid_nodith","0.1","n = 100",4,0.009,0,0,0,0,1000,1000,0.00101038666785423,0.0263649153900162,0.833731829500778,0.0186521388598038,0.911,0.00900438781928011,0.911,0.00900438781928011,1.26560106134058,0.0283138605268008,0,0
"riid_nodith","0.1","n = 100",5,0.004,0,0,0,0,1000,1000,0.0711344409369004,0.0425809769231744,1.346528720723,0.0301243634810944,0.891,0.00985489725973843,0.887,0.0100115433375679,1.77755084983155,0.0397671338771759,0,0
"riid_nodith","0.1","n = 100",6,NA,0.004,0,0,0.004,1000,996,0.0207757827723008,0.0271652178377292,0.859039615018587,0.019218321309615,0.928714859437751,0.00815287968055532,0.927710843373494,0.00820565448473343,1.3821510023468,0.0309833915088566,0,0
"riid_nodith","0.1","n = 100",7,NA,0.002,0,0,0.002,1000,998,0.0707698036961383,0.0414448131090581,1.31060006624628,0.0293205723475031,0.907815631262525,0.00915718947801238,0.909819639278557,0.00906709919639506,2.12684897070757,0.0476292863567835,0,0
"riid_nodith","0.1","n = 250",1,NA,0.01,0,0,0.01,1000,990,0.007,0.0371393366975008,1.17444894751978,0.0262746174222547,0.953535353535354,0.00668978439458418,0.953535353535354,0.00668978439458418,1.69319930103081,0.0380710571938852,0,0
"riid_nodith","0.1","n = 250",2,NA,0.008,0,0,0.008,1000,992,0.0127757827723,0.0373766372619717,1.1819530502575,0.026442498221967,0.953629032258065,0.00667662486963364,0.953629032258065,0.00667662486963364,1.68187352540354,0.0377782215561048,0,0
"riid_nodith","0.1","n = 250",3,0.017,0,0,0,0,1000,1000,-0.0693968629705289,0.0534037073240796,1.68877350641107,0.0377810188237604,0.957,0.00641490451994416,0.957,0.00641490451994416,2.05895926823816,0.0460627660105693,0,0
"riid_nodith","0.1","n = 250",4,0.029,0,0,0,0,1000,1000,0.026453065016456,0.0168597111478883,0.53315087919859,0.0119275813638938,0.914,0.00886588969026797,0.914,0.00886588969026797,0.641352749522078,0.0143482593789969,0,0
"riid_nodith","0.1","n = 250",5,0.006,0,0,0,0,1000,1000,0.0432096004680642,0.0246607245788737,0.779840584193375,0.0174464910061009,0.901,0.00944452222190196,0.899,0.00952885092757778,0.967114841968887,0.0216361660758258,0,0
"riid_nodith","0.1","n = 250",6,0.026,0,0,0,0,1000,1000,0.0132757827723009,0.0183650611192655,0.580754225050803,0.0129925571577991,0.955,0.00655553201502365,0.956,0.00648567652600714,1.01118708656809,0.0226221445368135,0,0
"riid_nodith","0.1","n = 250",7,0.005,0,0,0,0,1000,1000,0.0526031370294718,0.0270358083832338,0.854947328748932,0.0191267692192967,0.947,0.00708456067798138,0.949,0.00695693898205238,1.25826792157632,0.0281498044882504,0,0
"riid_nodith","0.1","n = 500",1,NA,0.007,0,0,0.007,1000,993,-0.026,0.0267214901911933,0.84500771478019,0.0189044014825763,0.929506545820745,0.008123178522121,0.932527693856999,0.00796010913295832,2.0412893598861,0.0458282990007982,0,0
"riid_nodith","0.1","n = 500",2,NA,0.008,0,0,0.008,1000,992,0.00877578277229998,0.0279169367115261,0.882811053031936,0.0197501327950751,0.948588709677419,0.00701152346069432,0.948588709677419,0.00701152346069432,2.08411114889759,0.0468132778959765,0,0
"riid_nodith","0.1","n = 500",3,0.041,0,0,0,0,1000,1000,-0.00139686297052895,0.0418560381298556,1.32360414321198,0.0296114978474364,0.979,0.00453420334788814,0.979,0.00453420334788814,2.00511784362622,0.0448582327389141,0,0
"riid_nodith","0.1","n = 500",4,0.093,0,0,0,0,1000,1000,0.0236338386554707,0.0117560637529006,0.371759377773128,0.00831695191583442,0.906,0.00922843432007835,0.909,0.00909499862561837,0.460517728556717,0.010302642068475,0,0
"riid_nodith","0.1","n = 500",5,0.017,0,0,0,0,1000,1000,0.0399422014852489,0.0174550694350508,0.551977761311489,0.0123487738949229,0.918,0.00867617427210864,0.914,0.00886588969026797,0.587721483203138,0.0131484277410385,0,0
"riid_nodith","0.1","n = 500",6,0.104,0,0,0,0,1000,1000,0.0141091161056343,0.013258884577613,0.419282744985367,0.00938013843812289,0.956,0.00648567652600714,0.959,0.00627048642451286,0.85112285348075,0.0190412085614881,0,0
"riid_nodith","0.1","n = 500",7,0.017,0,0,0,0,1000,1000,0.0069364703628053,0.0189087777291009,0.597948053938251,0.0133772152368033,0.979,0.00453420334788814,0.979,0.00453420334788814,1.0562000648,0.0236291689669322,0,0
"riid_nodith","0.1","n = 750",1,NA,0.022,0,0,0.022,1000,978,-0.048,0.0236274047295562,0.747164141440323,0.0167154579255487,0.911042944785276,0.00910311849879573,0.912065439672802,0.00905572802420235,2.60131010136109,0.0588477479850208,0,0
"riid_nodith","0.1","n = 750",2,NA,0.012,0,0,0.012,1000,988,0.0137757827723,0.0234823853648309,0.742578226466695,0.0166128624387738,0.912955465587045,0.00896844352115195,0.912955465587045,0.00896844352115195,2.46498483394692,0.0554805397374469,0,0
"riid_nodith","0.1","n = 750",3,0.087,0,0,0,0,1000,1000,0.017603137029471,0.0344410392582045,1.08912129039202,0.0243656782969706,0.977,0.00474035863622153,0.977,0.00474035863622153,2.31991173786012,0.0519007603475637,0,0
"riid_nodith","0.1","n = 750",4,0.186,0,0,0,0,1000,1000,0.0135463850599996,0.00944818000875609,0.298777685709389,0.00668421509755629,0.883,0.010164201887015,0.885,0.0100883596287999,0.39257599517205,0.00878265854304642,0,0
"riid_nodith","0.1","n = 750",5,0.035,0,0,0,0,1000,1000,0.0159727139661967,0.0140234416119561,0.443460161281645,0.00992103241634546,0.909,0.00909499862561837,0.908,0.00913980306133562,0.478304560214135,0.0107005667274733,0,0
"riid_nodith","0.1","n = 750",6,0.165,0,0,0,0,1000,1000,0.00760911610563427,0.0107868075132283,0.341108804236183,0.00763124131499764,0.93,0.00806845710157772,0.93,0.00806845710157772,0.816911503800223,0.0182758367449838,0,0
"riid_nodith","0.1","n = 750",7,0.029,0,0,0,0,1000,1000,-0.00439686297052798,0.0155410020580138,0.491449636246879,0.0109946466399941,0.977,0.00474035863622153,0.976,0.00483983470792134,0.966241051720806,0.0216166177552929,0,0
"riid_nodith","0.5","n = 100",1,0.031,0,0,0,0,1000,1000,-0.025,0.0388443545947656,1.22836634758686,0.0274808504068019,0.976,0.00483983470792134,0.976,0.00483983470792134,1.77957472864492,0.0398124118278631,0,0
"riid_nodith","0.5","n = 100",2,0.033,0,0,0,0,1000,1000,-0.062,0.0432206434938679,1.3667567537876,0.0305769023769738,0.968,0.00556560868189635,0.966,0.00573096850453743,1.73287299708171,0.0387676068302754,0,0
"riid_nodith","0.5","n = 100",3,0.016,0,0,0,0,1000,1000,-0.033,0.0455739836747676,1.44117590459596,0.032241797833271,0.973,0.00512552436341883,0.974,0.00503229569878401,1.75413914606571,0.0392433703189987,0,0
"riid_nodith","0.5","n = 100",4,0.02,0,0,0,0,1000,1000,-0.00142258187152934,0.0206481754412528,0.65295263921111,0.0146077705858172,0.903,0.00935900635751467,0.903,0.00935900635751467,0.711928663299056,0.0159271744417863,0,0
"riid_nodith","0.5","n = 100",5,0.017,0,0,0,0,1000,1000,0.00538512917373452,0.0220278285026523,0.696581099759577,0.0155838207683762,0.883,0.010164201887015,0.886,0.0100500746265886,0.784782278420315,0.0175570459395484,0,0
"riid_nodith","0.5","n = 100",6,0.024,0,0,0,0,1000,1000,0.0131666666666672,0.0201614265867001,0.637560288922467,0.0142634149491439,0.966,0.00573096850453743,0.965,0.00581162627841812,1.00416916804893,0.022465140586509,0,0
"riid_nodith","0.5","n = 100",7,0.012,0,0,0,0,1000,1000,0.0346666666666672,0.0223300287895313,0.706137511920516,0.0157976155646406,0.955,0.00655553201502365,0.953,0.00669260786241059,1.08897817268467,0.0243624764864407,0,0
"riid_nodith","0.5","n = 250",1,0.203,0,0,0,0,1000,1000,-0.015,0.0279742302406618,0.884622833504515,0.0197906657095714,0.934,0.00785136930732467,0.934,0.00785136930732467,2.26506214551323,0.0506736724799092,0,0
"riid_nodith","0.5","n = 250",2,0.145,0,0,0,0,1000,1000,0.008,0.028718648310127,0.90816339981347,0.0203173121636188,0.956,0.00648567652600714,0.957,0.00641490451994416,2.25481622736611,0.0504444521463869,0,0
"riid_nodith","0.5","n = 250",3,0.135,0,0,0,0,1000,1000,0.021,0.0304053199865333,0.961500641436855,0.0215105659197505,0.954,0.00662449998113065,0.955,0.00655553201502365,2.23277764566923,0.0499514078945805,0,0
"riid_nodith","0.5","n = 250",4,0.058,0,0,0,0,1000,1000,-0.0141222292965961,0.0138007463564324,0.436417918965962,0.00976348429726364,0.899,0.00952885092757778,0.897,0.00961202372032029,0.43885276528941,0.00981795635904689,0,0
"riid_nodith","0.5","n = 250",5,0.05,0,0,0,0,1000,1000,-0.0318980086567561,0.014187884385618,0.448660298376916,0.0100373691996599,0.902,0.00940191469861325,0.891,0.00985489725973843,0.456609572754316,0.0102152093207582,0,0
"riid_nodith","0.5","n = 250",6,0.069,0,0,0,0,1000,1000,0.00533333333333382,0.0137999917792164,0.436394057139232,0.00976295046361369,0.974,0.00503229569878401,0.974,0.00503229569878401,0.897580618001619,0.0200805555604844,0,0
"riid_nodith","0.5","n = 250",7,0.056,0,0,0,0,1000,1000,0.00866666666666708,0.0146201829588329,0.462330779582919,0.0103432034076299,0.98,0.00442718872423573,0.98,0.00442718872423573,0.999430911800593,0.0223591369407681,0,0
"riid_nodith","0.5","n = 500",1,NA,0.001,0,0,0.001,1000,999,-0.063,0.021459065485046,0.678595233914512,0.0151814433427034,0.911911911911912,0.00896710576556808,0.910910910910911,0.00901296048760431,3.39950945813577,0.076091471941221,0,0
"riid_nodith","0.5","n = 500",2,0.427,0,0,0,0,1000,1000,0.001,0.0221469973018802,0.700349548075452,0.0156681279985748,0.899,0.00952885092757778,0.899,0.00952885092757778,3.22296864695452,0.0721038307722826,0,0
"riid_nodith","0.5","n = 500",3,0.364,0,0,0,0,1000,1000,0.045,0.0229892040641581,0.726982464371393,0.0162639560999091,0.914,0.00886588969026797,0.914,0.00886588969026797,3.32399788694352,0.0743640436446921,0,0
"riid_nodith","0.5","n = 500",4,0.128,0,0,0,0,1000,1000,-0.0325273441923405,0.0100612479002345,0.318164594683276,0.00711793647587989,0.902,0.00940191469861325,0.895,0.00969407035254026,0.36930421092097,0.00826202524585487,0,0
"riid_nodith","0.5","n = 500",5,0.125,0,0,0,0,1000,1000,-0.0555257499402715,0.010833817110016,0.342595378213535,0.0076644987525451,0.884,0.0101264011376204,0.885,0.0100883596287999,0.372079880738278,0.00832412216602691,0,0
"riid_nodith","0.5","n = 500",6,0.189,0,0,0,0,1000,1000,0.00266666666666721,0.0110957651783814,0.350878903460699,0.00784981669015017,0.965,0.00581162627841812,0.965,0.00581162627841812,1.01826438138262,0.0227804768457902,0,0
"riid_nodith","0.5","n = 500",7,0.17,0,0,0,0,1000,1000,-0.0108333333333328,0.0115945564509752,0.3666520684448,0.0082026918631158,0.968,0.00556560868189635,0.968,0.00556560868189635,1.017125682434,0.0227550020226426,0,0
"riid_nodith","0.5","n = 750",1,0.672,0,0,0,0,1000,1000,-0.011,0.0186608474412934,0.590107809834124,0.013201814326642,0.872,0.0105648473723003,0.872,0.0105648473723003,4.08915035008234,0.0914819339379437,0,0
"riid_nodith","0.5","n = 750",2,0.667,0,0,0,0,1000,1000,-0.028,0.0198899877227617,0.628976638367127,0.0140713826476086,0.868,0.0107040179372047,0.867,0.0107382959542006,4.06110430191334,0.0908544914361619,0,0
"riid_nodith","0.5","n = 750",3,0.588,0,0,0,0,1000,1000,-0.009,0.0191385810677094,0.60521507357739,0.0135397920446089,0.89,0.00989444288477123,0.89,0.00989444288477123,4.12291925330934,0.0922374074005682,0,0
"riid_nodith","0.5","n = 750",4,0.161,0,0,0,0,1000,1000,-0.0572474561574672,0.00928860342843547,0.293731431159049,0.00657132095430257,0.893,0.00977501918156686,0.874,0.010493998284734,0.348391218386812,0.00779416252679,0,0
"riid_nodith","0.5","n = 750",5,0.141,0,0,0,0,1000,1000,-0.0460773283927451,0.00928044252358404,0.293473360688065,0.00656554743566013,0.898,0.00957057991973318,0.889,0.00993373041711924,0.342957587468691,0.00767260205037352,0,0
"riid_nodith","0.5","n = 750",6,0.239,0,0,0,0,1000,1000,0.00100000000000048,0.00900753524815763,0.284843274884281,0.0063724762908526,0.972,0.0052168956286282,0.97,0.00539444158370447,1.12168626550152,0.0250942176380584,0,0
"riid_nodith","0.5","n = 750",7,0.255,0,0,0,0,1000,1000,0.00383333333333391,0.00992193839570648,0.313759241343095,0.00701938049022589,0.985,0.00384382621875652,0.984,0.00396787096564392,1.15137413852363,0.0257583908295654,0,0
"riid_nodith","0.9","n = 100",1,NA,0.045,0,0,0.045,1000,955,-0.085,0.0546237929730146,1.72735600232227,0.0386441813489626,0.917277486910995,0.00891375188617084,0.913089005235602,0.00911574633013974,1.99628937855535,0.0457019058071901,0,0
"riid_nodith","0.9","n = 100",2,NA,0.034,0,0,0.034,1000,966,-0.0547757827723,0.056389571587163,1.78319482496551,0.0398934001467305,0.91304347826087,0.00906584408943804,0.912008281573499,0.00911447645623575,1.95328248998108,0.0444617346433502,0,0
"riid_nodith","0.9","n = 100",3,NA,0.016,0,0,0.016,1000,984,-0.05960313702947,0.090290106342297,2.85522386220473,0.0638766928036759,0.905487804878049,0.0093258339551226,0.902439024390244,0.00945909204978628,3.5958102956837,0.0810970422125121,0,0
"riid_nodith","0.9","n = 100",4,0.003,0,0,0,0,1000,1000,0.00819003572536955,0.0281153258536906,0.889084668554804,0.019890485296617,0.873,0.0105295299040366,0.868,0.0107040179372047,1.17784442303928,0.026350580554096,0,0
"riid_nodith","0.9","n = 100",5,0.004,0,0,0,0,1000,1000,-0.0450503238068881,0.0408085648870462,1.29048013085838,0.0288704517986329,0.892,0.00981509042240569,0.896,0.00965318600255895,1.69657908328516,0.0379556441632098,0,0
"riid_nodith","0.9","n = 100",6,NA,0.005,0,0,0.005,1000,995,-0.0561091161056334,0.0292121819417177,0.923770303590681,0.0206664677627261,0.926633165829146,0.0082659403982814,0.931658291457286,0.00799944215493349,1.42000585492843,0.0318479838998708,0,0
"riid_nodith","0.9","n = 100",7,NA,0.001,0,0,0.001,1000,999,-0.0757698036961366,0.0424253500515159,1.34160736692732,0.0300142636011005,0.897897897897898,0.00957961543488643,0.898898898898899,0.00953785296051173,2.09213612934577,0.0468284379095764,0,0
"riid_nodith","0.9","n = 250",1,NA,0.013,0,0,0.013,1000,987,-0.063,0.03665207189743,1.15904028160128,0.0259298967744556,0.945288753799392,0.00723872324548366,0.946301925025329,0.00717522697809051,1.74581455966091,0.0393137666709774,0,0
"riid_nodith","0.9","n = 250",2,NA,0.009,0,0,0.009,1000,991,-0.0197757827723,0.0377065084671172,1.19238449368515,0.0266758691026698,0.961654894046418,0.00609997095185808,0.961654894046418,0.00609997095185808,1.6657311595594,0.0374345239558562,0,0
"riid_nodith","0.9","n = 250",3,0.01,0,0,0,0,1000,1000,0.00839686297053007,0.0536680096077287,1.69713147848222,0.0379680022759224,0.968,0.00556560868189635,0.968,0.00556560868189635,2.03281719420891,0.045477918967883,0,0
"riid_nodith","0.9","n = 250",4,0.006,0,0,0,0,1000,1000,-0.0199519258894725,0.0171595054997471,0.542631209013868,0.0121396740559255,0.894,0.00973468027209934,0.891,0.00985489725973843,0.67375544821282,0.0150731682933824,0,0
"riid_nodith","0.9","n = 250",5,0.001,0,0,0,0,1000,1000,-0.0461675960651097,0.0253836471006509,0.802701401599861,0.0179579302070844,0.882,0.0102017645532525,0.882,0.0102017645532525,0.926395051050182,0.0207251882677545,0,0
"riid_nodith","0.9","n = 250",6,0.034,0,0,0,0,1000,1000,-0.0339424494389667,0.0179735521351271,0.568373623907841,0.0127155799769895,0.948,0.00702111102319284,0.95,0.00689202437604511,1.07507112435535,0.0240513498298947,0,0
"riid_nodith","0.9","n = 250",7,0.007,0,0,0,0,1000,1000,-0.0314364703628033,0.0276131654029421,0.873204960802581,0.0195352265628526,0.939,0.00756828910652864,0.938,0.00762600813007697,1.25943270384639,0.0281758628440359,0,0
"riid_nodith","0.9","n = 500",1,NA,0.01,0,0,0.01,1000,990,0.021,0.0267258914401985,0.845146894494249,0.0189075151928381,0.92020202020202,0.00861231571869763,0.921212121212121,0.00856232934322216,1.99518244273897,0.0448610537717015,0,0
"riid_nodith","0.9","n = 500",2,NA,0.005,0,0,0.005,1000,995,0.00322421722770004,0.0291910280071826,0.923101357444629,0.0206515021875083,0.939698492462312,0.00754652142742892,0.939698492462312,0.00754652142742892,2.0311516166386,0.045554800890707,0,0
"riid_nodith","0.9","n = 500",3,0.036,0,0,0,0,1000,1000,-0.0886031370294699,0.0388822302321745,1.22956408040729,0.0275076459279672,0.977,0.00474035863622153,0.976,0.00483983470792134,1.99552550795782,0.0446436342666644,0,0
"riid_nodith","0.9","n = 500",4,0.007,0,0,0,0,1000,1000,-0.00601414569368691,0.0127550287623998,0.403349425101421,0.00902368030079715,0.878,0.0103496859855746,0.877,0.0103860964755773,0.406858607315713,0.00910218726386285,0,0
"riid_nodith","0.9","n = 500",5,0.007,0,0,0,0,1000,1000,-0.0445418760954941,0.0179151536177729,0.56652690063968,0.0126742653268652,0.886,0.0100500746265886,0.89,0.00989444288477123,0.566146684770364,0.0126657591874325,0,0
"riid_nodith","0.9","n = 500",6,0.105,0,0,0,0,1000,1000,-0.000442449438967007,0.0128916629164173,0.407670176430075,0.00912034358137381,0.965,0.00581162627841812,0.965,0.00581162627841812,0.895688666845862,0.0200382290780059,0,0
"riid_nodith","0.9","n = 500",7,0.029,0,0,0,0,1000,1000,0.0112301963038633,0.018714759267398,0.591812651467218,0.013239954819483,0.971,0.00530650544143696,0.972,0.0052168956286282,0.988934327206116,0.0221243087304464,0,0
"riid_nodith","0.9","n = 750",1,NA,0.019,0,0,0.019,1000,981,0.018,0.023542094856453,0.744466406381262,0.0166551045515403,0.904179408766565,0.00939771403489496,0.904179408766565,0.00939771403489496,2.54219096754762,0.0574222407468406,0,0
"riid_nodith","0.9","n = 750",2,NA,0.011,0,0,0.011,1000,989,0.0352242172277,0.0249729383062476,0.789713649146099,0.0176673699169856,0.896865520728008,0.00967091259979787,0.897876643073812,0.00962881255607117,2.5371682338706,0.0570762977838043,0,0
"riid_nodith","0.9","n = 750",3,0.064,0,0,0,0,1000,1000,-0.0246031370294699,0.0320384528724853,1.01314483785018,0.0226659430910659,0.975,0.00493710441453288,0.976,0.00483983470792134,2.25520488314562,0.0504531471023806,0,0
"riid_nodith","0.9","n = 750",4,0.002,0,0,0,0,1000,1000,0.00284212438931106,0.0100457035721474,0.317673039868756,0.00710693947620538,0.881,0.0102390917565964,0.882,0.0102017645532525,0.306325102323752,0.00685306490962139,0,0
"riid_nodith","0.9","n = 750",5,0.003,0,0,0,0,1000,1000,-0.0391554578917655,0.0150038385135004,0.474463033480164,0.0106146245965142,0.88,0.0102761860629321,0.886,0.0100500746265886,0.469032647598235,0.0104931367176207,0,0
"riid_nodith","0.9","n = 750",6,0.19,0,0,0,0,1000,1000,-0.0169424494389671,0.0104094666474692,0.329176238335597,0.00736428751971702,0.93,0.00806845710157772,0.931,0.00801492358042171,0.900300239672296,0.02014139857889,0,0
"riid_nodith","0.9","n = 750",7,0.046,0,0,0,0,1000,1000,-0.0271031370294702,0.0155962849812488,0.493197835778228,0.0110337571300336,0.972,0.0052168956286282,0.972,0.0052168956286282,0.938966367378542,0.0210064321036141,0,0
"xy_dith","0.1","n = 100",1,0,0,0,0,0,1000,1000,0.132113468143623,0.0548175283413962,1.73348245259644,0.038781241488912,0.914,0.00886588969026797,0.913,0.00891240708226459,1.35706072695403,0.0303599841396115,NA,NA
"xy_dith","0.1","n = 100",2,0,0,0,0,0,1000,1000,-0.00585166952460337,0.056384065649592,1.78302071193172,0.0398895049128331,0.904,0.00931579304192617,0.905,0.00927227048785787,1.5085787098786,0.0337497245300661,NA,NA
"xy_dith","0.1","n = 100",3,0,0,0,0,0,1000,1000,-0.13456987011419,0.0857565714206267,2.71186090016082,0.0606693954680363,0.926,0.00827792244467173,0.925,0.00832916562447884,3.51110732201282,0.0785500313225067,NA,NA
"xy_dith","0.1","n = 100",4,0,0,0,0,0,1000,1000,0.00727156412298165,0.0267882608158664,0.847119187327783,0.0189516390687675,0.903,0.00935900635751467,0.903,0.00935900635751467,0.875840987509077,0.0195941994057116,NA,NA
"xy_dith","0.1","n = 100",5,0,0,0,0,0,1000,1000,0.0905483731338798,0.0429145664616835,1.35707774817593,0.0303603649361496,0.895,0.00969407035254026,0.894,0.00973468027209934,1.45451866024394,0.0325403002081503,NA,NA
"xy_dith","0.1","n = 100",6,0,0,0,0,0,1000,1000,0.0316494056116788,0.027034836894522,0.85491660757843,0.0191260819293098,0.904,0.00931579304192617,0.909,0.00909499862561837,0.827355553880969,0.0185094896600722,NA,NA
"xy_dith","0.1","n = 100",7,0,0,0,0,0,1000,1000,0.0729571443556161,0.0409796017578285,1.29588879161378,0.0289914536458524,0.924,0.00837997613361756,0.924,0.00837997613361756,1.55126329992516,0.0347046585658687,NA,NA
"xy_dith","0.1","n = 250",1,0,0,0,0,0,1000,1000,0.0161852306614166,0.0344303189128854,1.0887822833069,0.0243580940750393,0.906,0.00922843432007835,0.903,0.00935900635751467,0.709306182958109,0.015868504656436,NA,NA
"xy_dith","0.1","n = 250",2,0,0,0,0,0,1000,1000,0.00527087502596629,0.0360708103309829,1.14065917693838,0.0255186771179213,0.919,0.00862780389206894,0.919,0.00862780389206894,0.767168777858948,0.0171629990210392,NA,NA
"xy_dith","0.1","n = 250",3,0,0,0,0,0,1000,1000,-0.0434234329660924,0.0524688574236421,1.65921095685343,0.0371196493523212,0.914,0.00886588969026797,0.915,0.00881901355027874,1.27792810857017,0.0285896396065026,NA,NA
"xy_dith","0.1","n = 250",4,0,0,0,0,0,1000,1000,0.025156620893229,0.017183034213889,0.543375252284901,0.0121563196941486,0.899,0.00952885092757778,0.899,0.00952885092757778,0.448320342091878,0.0100297637423529,NA,NA
"xy_dith","0.1","n = 250",5,0,0,0,0,0,1000,1000,0.0354828288051385,0.0246627598651418,0.779904945596353,0.0174479308909452,0.911,0.00900438781928011,0.91,0.00904986187739901,0.774271452605006,0.0173218991265069,NA,NA
"xy_dith","0.1","n = 250",6,0,0,0,0,0,1000,1000,0.014708905892951,0.0178071979982973,0.563113044202107,0.0125978909795416,0.916,0.00877177291087725,0.912,0.00895857131466843,0.396646368644793,0.00887372040315356,NA,NA
"xy_dith","0.1","n = 250",7,0,0,0,0,0,1000,1000,0.0407704787978642,0.026628518336542,0.842067686590307,0.018838627558505,0.9,0.00948683298050514,0.903,0.00935900635751467,0.673734985832534,0.0150727105117013,NA,NA
"xy_dith","0.1","n = 500",1,0,0,0,0,0,1000,1000,-0.0265023357642348,0.0243271497683766,0.769292022481075,0.0172104999705339,0.909,0.00909499862561837,0.908,0.00913980306133562,0.414156688058079,0.00926545896658551,NA,NA
"xy_dith","0.1","n = 500",2,0,0,0,0,0,1000,1000,0.016308106618195,0.0252124460776277,0.797287549894819,0.017836812228622,0.912,0.00895857131466843,0.91,0.00904986187739901,0.456661643992926,0.0102163742516614,NA,NA
"xy_dith","0.1","n = 500",3,0,0,0,0,0,1000,1000,-0.00136390368463824,0.0392245420011527,1.24038892900582,0.0277498180174231,0.909,0.00909499862561837,0.909,0.00909499862561837,0.724671371329727,0.0162122526302732,NA,NA
"xy_dith","0.1","n = 500",4,0,0,0,0,0,1000,1000,0.0148384057562515,0.0121934522239454,0.385590815681128,0.0086263870259768,0.903,0.00935900635751467,0.902,0.00940191469861325,0.269199147609651,0.0060224879325557,NA,NA
"xy_dith","0.1","n = 500",5,0,0,0,0,0,1000,1000,0.0290624996039975,0.017627285022311,0.557423696354746,0.0124706096376091,0.887,0.0100115433375679,0.893,0.00977501918156686,0.428933886790073,0.00959605251352148,NA,NA
"xy_dith","0.1","n = 500",6,0,0,0,0,0,1000,1000,0.0121197955739915,0.0127035923464532,0.40172286281075,0.00898729106311158,0.902,0.00940191469861325,0.897,0.00961202372032029,0.242065256903013,0.00541545209757985,NA,NA
"xy_dith","0.1","n = 500",7,0,0,0,0,0,1000,1000,0.00293847196209757,0.0182861313444443,0.57825824641441,0.0129367174519492,0.912,0.00895857131466843,0.911,0.00900438781928011,0.390625788601699,0.00873902877809279,NA,NA
"xy_dith","0.1","n = 750",1,0,0,0,0,0,1000,1000,-0.0417730249555315,0.0197818728719305,0.625557746591966,0.0139948956503746,0.914,0.00886588969026797,0.914,0.00886588969026797,0.309762199189562,0.00692995918874958,NA,NA
"xy_dith","0.1","n = 750",2,0,0,0,0,0,1000,1000,0.0295836607496786,0.0204422389339503,0.646440355046554,0.0144620786208066,0.921,0.00852988862764339,0.928,0.00817410545564467,0.328559413469678,0.00735048799492476,NA,NA
"xy_dith","0.1","n = 750",3,0,0,0,0,0,1000,1000,0.00523205822580135,0.0309654001699144,0.979211931954944,0.0219068005823128,0.914,0.00886588969026797,0.916,0.00877177291087725,0.536283321559454,0.0119976599524973,NA,NA
"xy_dith","0.1","n = 750",4,0,0,0,0,0,1000,1000,-0.0146554713163818,0.00994439893349597,0.314469505911966,0.00703527043576594,0.891,0.00985489725973843,0.894,0.00973468027209934,0.206162561252825,0.00461224171144219,NA,NA
"xy_dith","0.1","n = 750",5,0,0,0,0,0,1000,1000,0.00966752327090594,0.0144187730964318,0.455961640498831,0.010200713865537,0.902,0.00940191469861325,0.906,0.00922843432007835,0.317343911943837,0.00709957626954709,NA,NA
"xy_dith","0.1","n = 750",6,0,0,0,0,0,1000,1000,-0.0030465404505766,0.0102382027816899,0.323760399368116,0.00724312508248073,0.891,0.00985489725973843,0.892,0.00981509042240569,0.185000930130282,0.00413881648257219,NA,NA
"xy_dith","0.1","n = 750",7,0,0,0,0,0,1000,1000,0.000521956461502242,0.0149175179322422,0.471733337022907,0.0105535561863081,0.918,0.00867617427210864,0.918,0.00867617427210864,0.29524526242697,0.00660518818837048,NA,NA
"xy_dith","0.5","n = 100",1,0,0,0,0,0,1000,1000,-0.0108973081733565,0.0371966419106014,1.17626109747178,0.0263151586026959,0.929,0.00812151463706124,0.928,0.00817410545564467,0.760022442572911,0.0170031221477121,NA,NA
"xy_dith","0.5","n = 100",2,0,0,0,0,0,1000,1000,-0.056264953510603,0.0420162913825128,1.32867179602045,0.0297248707097073,0.915,0.00881901355027874,0.914,0.00886588969026797,0.797711876475296,0.0178463052070845,NA,NA
"xy_dith","0.5","n = 100",3,0,0,0,0,0,1000,1000,-0.0316570573102218,0.043795654809122,1.38494020815332,0.0309837002270492,0.918,0.00867617427210864,0.918,0.00867617427210864,0.881339510669231,0.019717211642834,NA,NA
"xy_dith","0.5","n = 100",4,0,0,0,0,0,1000,1000,-0.00309142758437612,0.0206307245706899,0.652400794229794,0.0145954247824588,0.907,0.00918428004799505,0.906,0.00922843432007835,0.550820246923076,0.0123228781352302,NA,NA
"xy_dith","0.5","n = 100",5,0,0,0,0,0,1000,1000,0.0150841649914448,0.0223087563429752,0.705464818095301,0.0157825661468374,0.904,0.00931579304192617,0.904,0.00931579304192617,0.589340423669448,0.0131846464642716,NA,NA
"xy_dith","0.5","n = 100",6,0,0,0,0,0,1000,1000,0.011959298217825,0.0195602441597625,0.61854923133856,0.0138381020686952,0.928,0.00817410545564467,0.929,0.00812151463706124,0.455796132675472,0.0101970111462759,NA,NA
"xy_dith","0.5","n = 100",7,0,0,0,0,0,1000,1000,0.0268496543498484,0.0218930612893065,0.692319386278712,0.0154884782747671,0.915,0.00881901355027874,0.915,0.00881901355027874,0.496679128174709,0.0111116401457626,NA,NA
"xy_dith","0.5","n = 250",1,0,0,0,0,0,1000,1000,-0.0241233948140871,0.0247945427013116,0.784072284784485,0.0175411620552867,0.921,0.00852988862764339,0.916,0.00877177291087725,0.401735591109958,0.00898757581894778,NA,NA
"xy_dith","0.5","n = 250",2,0,0,0,0,0,1000,1000,0.0141569560854696,0.0260091603077542,0.822481866009492,0.0184004561558667,0.897,0.00961202372032029,0.9,0.00948683298050514,0.424888186169851,0.00950554263122663,NA,NA
"xy_dith","0.5","n = 250",3,0,0,0,0,0,1000,1000,0.0268866477629635,0.0279605425300608,0.88418999008999,0.0197809821936175,0.906,0.00922843432007835,0.906,0.00922843432007835,0.432527585082906,0.00967645025918304,NA,NA
"xy_dith","0.5","n = 250",4,0,0,0,0,0,1000,1000,0.0100493330744516,0.0129213424942385,0.408608727089148,0.00914134071330588,0.899,0.00952885092757778,0.9,0.00948683298050514,0.257985318128674,0.00577161361394587,NA,NA
"xy_dith","0.5","n = 250",5,0,0,0,0,0,1000,1000,-0.00857661524758685,0.0138707933739702,0.438633000153176,0.00981303980231661,0.898,0.00957057991973318,0.897,0.00961202372032029,0.283186375938354,0.00633540836550472,NA,NA
"xy_dith","0.5","n = 250",6,0,0,0,0,0,1000,1000,0.00118116419820646,0.0131618627747588,0.416214646188216,0.00931149933526613,0.902,0.00940191469861325,0.901,0.00944452222190196,0.240361305879622,0.00537733152934196,NA,NA
"xy_dith","0.5","n = 250",7,0,0,0,0,0,1000,1000,0.00559310363757023,0.0140057149581916,0.442899595269755,0.00990849150723788,0.916,0.00877177291087725,0.917,0.00872416185085994,0.244346581678245,0.00546648959547342,NA,NA
"xy_dith","0.5","n = 500",1,0,0,0,0,0,1000,1000,-0.0466286776380148,0.0186954736145546,0.591202785575734,0.0132263109799517,0.899,0.00952885092757778,0.899,0.00952885092757778,0.240020184188642,0.00536969999972641,NA,NA
"xy_dith","0.5","n = 500",2,0,0,0,0,0,1000,1000,0.016314484887058,0.0190468279987785,0.602313586776068,0.0134748803634145,0.899,0.00952885092757778,0.896,0.00965318600255895,0.25285984260222,0.0056569471494315,NA,NA
"xy_dith","0.5","n = 500",3,0,0,0,0,0,1000,1000,0.0235496524909977,0.0200374389657355,0.633639456083328,0.0141756985924282,0.908,0.00913980306133562,0.91,0.00904986187739901,0.28404684958247,0.00635465876872472,NA,NA
"xy_dith","0.5","n = 500",4,0,0,0,0,0,1000,1000,0.00400587137879307,0.0087435335380931,0.276494807784448,0.006185705482659,0.907,0.00918428004799505,0.907,0.00918428004799505,0.156155524194563,0.00349349085394337,NA,NA
"xy_dith","0.5","n = 500",5,0,0,0,0,0,1000,1000,-0.0135843104412613,0.00959841902859881,0.303528660670731,0.00679050328467213,0.89,0.00989444288477123,0.887,0.0100115433375679,0.16920030670433,0.00378532701295603,NA,NA
"xy_dith","0.5","n = 500",6,0,0,0,0,0,1000,1000,0.0114976696536961,0.00957430814306144,0.302766207523714,0.00677344578312422,0.893,0.00977501918156686,0.886,0.0100500746265886,0.137670563897499,0.00307994775281787,NA,NA
"xy_dith","0.5","n = 500",7,0,0,0,0,0,1000,1000,-0.0151004310046548,0.00995310070502971,0.314744680089216,0.00704142659627594,0.902,0.00940191469861325,0.905,0.00927227048785787,0.150584413709242,0.00336885470272706,NA,NA
"xy_dith","0.5","n = 750",1,0,0,0,0,0,1000,1000,-0.00373585583129901,0.0144282422854742,0.456261082548517,0.0102074129436981,0.903,0.00935900635751467,0.904,0.00931579304192617,0.172587125794532,0.00386109648429948,NA,NA
"xy_dith","0.5","n = 750",2,0,0,0,0,0,1000,1000,-0.0121489792817738,0.0154381984527189,0.488198700802789,0.0109219171397137,0.889,0.00993373041711924,0.889,0.00993373041711924,0.174137268180571,0.0038957760659273,NA,NA
"xy_dith","0.5","n = 750",3,0,0,0,0,0,1000,1000,-0.0290952987894416,0.0150899769091779,0.477186968723498,0.0106755641176,0.921,0.00852988862764339,0.919,0.00862780389206894,0.192884808370808,0.00431519356989548,NA,NA
"xy_dith","0.5","n = 750",4,0,0,0,0,0,1000,1000,-0.0120054481652087,0.0074995872049161,0.237157770785908,0.00530566246346739,0.88,0.0102761860629321,0.885,0.0100883596287999,0.116591492260454,0.00260836953390143,NA,NA
"xy_dith","0.5","n = 750",5,0,0,0,0,0,1000,1000,-0.00403024992120205,0.00767788807734378,0.242796139442574,0.00543180330564907,0.9,0.00948683298050514,0.902,0.00940191469861325,0.123081070602568,0.00275355352723793,NA,NA
"xy_dith","0.5","n = 750",6,0,0,0,0,0,1000,1000,-0.00314571846955532,0.0071750775540907,0.226895874592766,0.00507608467120056,0.899,0.00952885092757778,0.902,0.00940191469861325,0.107440510694283,0.00240364497759183,NA,NA
"xy_dith","0.5","n = 750",7,0,0,0,0,0,1000,1000,0.00814486772605906,0.0076235054964559,0.241076411236133,0.00539332977234657,0.91,0.00904986187739901,0.911,0.00900438781928011,0.112572953720218,0.0025184673180884,NA,NA
"xy_dith","0.9","n = 100",1,0,0,0,0,0,1000,1000,-0.0635700432131998,0.0537284877548307,1.69904396541732,0.0380107881821559,0.911,0.00900438781928011,0.907,0.00918428004799505,1.40481002808006,0.0314282252257105,NA,NA
"xy_dith","0.9","n = 100",2,0,0,0,0,0,1000,1000,-0.0560265476840615,0.0555370751162051,1.75623651951068,0.03929029248192,0.922,0.00848033018225116,0.923,0.00843036179532053,1.40026901576254,0.0313266342952537,NA,NA
"xy_dith","0.9","n = 100",3,0,0,0,0,0,1000,1000,-0.0372439523219549,0.0883637536545629,2.79430724150446,0.0625138741754705,0.906,0.00922843432007835,0.908,0.00913980306133562,3.06415251574944,0.0685508171681507,NA,NA
"xy_dith","0.9","n = 100",4,0,0,0,0,0,1000,1000,0.00986493654340864,0.028607804541255,0.904658212072743,0.0202388945643905,0.895,0.00969407035254026,0.894,0.00973468027209934,0.838182762719363,0.018751714552504,NA,NA
"xy_dith","0.9","n = 100",5,0,0,0,0,0,1000,1000,-0.0465454552084629,0.0410960681630475,1.29957178272762,0.0290738490387642,0.905,0.00927227048785787,0.909,0.00909499862561837,1.43150584443623,0.0320254605189213,NA,NA
"xy_dith","0.9","n = 100",6,0,0,0,0,0,1000,1000,-0.0667379273039199,0.0285616497949967,0.903198670842708,0.0202062418999114,0.911,0.00900438781928011,0.916,0.00877177291087725,0.798900045846633,0.0178728867760243,NA,NA
"xy_dith","0.9","n = 100",7,0,0,0,0,0,1000,1000,-0.0801150235429902,0.0419021353409134,1.32506186501922,0.029644109808028,0.924,0.00837997613361756,0.928,0.00817410545564467,1.48052025783507,0.0331220045304345,NA,NA
"xy_dith","0.9","n = 250",1,0,0,0,0,0,1000,1000,-0.0480734237050638,0.0347450508533355,1.09873498114917,0.0245807545224578,0.908,0.00913980306133562,0.909,0.00909499862561837,0.712942470973029,0.0159498552137599,NA,NA
"xy_dith","0.9","n = 250",2,0,0,0,0,0,1000,1000,-0.00776413525567121,0.0359810313430223,1.13782011605858,0.0254551620212346,0.921,0.00852988862764339,0.92,0.00857904423581089,0.741490984667746,0.0165885388082122,NA,NA
"xy_dith","0.9","n = 250",3,0,0,0,0,0,1000,1000,-0.00455109145505816,0.0522947285398248,1.65370451806058,0.0369964600277049,0.922,0.00848033018225116,0.922,0.00848033018225116,1.3238908834933,0.0296179127633058,NA,NA
"xy_dith","0.9","n = 250",4,0,0,0,0,0,1000,1000,-0.0223524227739941,0.0169918880074533,0.537330678500524,0.0120210912842629,0.91,0.00904986187739901,0.911,0.00900438781928011,0.441967418489434,0.00988763697088315,NA,NA
"xy_dith","0.9","n = 250",5,0,0,0,0,0,1000,1000,-0.0454244781334975,0.0251340129223179,0.794807275746292,0.0177813238615096,0.904,0.00931579304192617,0.905,0.00927227048785787,0.724686595865348,0.0162125932315822,NA,NA
"xy_dith","0.9","n = 250",6,0,0,0,0,0,1000,1000,-0.0352517111235831,0.0176937090547676,0.559524208694107,0.0125176020234628,0.913,0.00891240708226459,0.91,0.00904986187739901,0.399509154467225,0.0089377662711371,NA,NA
"xy_dith","0.9","n = 250",7,0,0,0,0,0,1000,1000,-0.0307188007229891,0.0272810656269433,0.862703043776702,0.0193002790560768,0.904,0.00931579304192617,0.908,0.00913980306133562,0.678413438744027,0.0151773762450541,NA,NA
"xy_dith","0.9","n = 500",1,0,0,0,0,0,1000,1000,0.0214529676062521,0.0243212068767887,0.769104091748024,0.0172062956088856,0.911,0.00900438781928011,0.91,0.00904986187739901,0.399465396666491,0.00893678732737293,NA,NA
"xy_dith","0.9","n = 500",2,0,0,0,0,0,1000,1000,0.00734907599938382,0.0269508085043735,0.852259396568564,0.0190666351540014,0.902,0.00940191469861325,0.903,0.00935900635751467,0.431627185617954,0.00965630664074925,NA,NA
"xy_dith","0.9","n = 500",3,0,0,0,0,0,1000,1000,-0.0816172381470864,0.0370226551433056,1.17075915279793,0.0261920698199191,0.921,0.00852988862764339,0.914,0.00886588969026797,0.720615721126745,0.0161215201572212,NA,NA
"xy_dith","0.9","n = 500",4,0,0,0,0,0,1000,1000,-0.00467662329311132,0.0125478276759321,0.396797151432427,0.00887709369585165,0.894,0.00973468027209934,0.896,0.00965318600255895,0.271436190591471,0.00607253476398979,NA,NA
"xy_dith","0.9","n = 500",5,0,0,0,0,0,1000,1000,-0.0404354930183028,0.0177430961261758,0.56108596502026,0.0125525414306317,0.906,0.00922843432007835,0.907,0.00918428004799505,0.405388432010105,0.00906929669524335,NA,NA
"xy_dith","0.9","n = 500",6,0,0,0,0,0,1000,1000,0.00502921421205119,0.0121160115945694,0.383141927958479,0.00857160083185695,0.911,0.00900438781928011,0.911,0.00900438781928011,0.239050103737589,0.00534799748743413,NA,NA
"xy_dith","0.9","n = 500",7,0,0,0,0,0,1000,1000,0.0104226637119242,0.0184765150342067,0.58427870730437,0.0130714064113317,0.906,0.00922843432007835,0.905,0.00927227048785787,0.383173507473387,0.008572307324612,NA,NA
"xy_dith","0.9","n = 750",1,0,0,0,0,0,1000,1000,0.0140244687262457,0.0202479413797522,0.640296126895892,0.0143246207565422,0.899,0.00952885092757778,0.899,0.00952885092757778,0.296770853714367,0.00663931851604776,NA,NA
"xy_dith","0.9","n = 750",2,0,0,0,0,0,1000,1000,0.00842408700081791,0.0212147139739665,0.670868160667361,0.0150085742760732,0.897,0.00961202372032029,0.895,0.00969407035254026,0.312620799247846,0.006993911413368,NA,NA
"xy_dith","0.9","n = 750",3,0,0,0,0,0,1000,1000,-0.0225703859721729,0.0299920043398569,0.948430453076026,0.0212181613843785,0.913,0.00891240708226459,0.913,0.00891240708226459,0.504981838950149,0.0112973872994835,NA,NA
"xy_dith","0.9","n = 750",4,0,0,0,0,0,1000,1000,0.00265639441034489,0.00976632738096209,0.308838388987072,0.00690929182837391,0.902,0.00940191469861325,0.901,0.00944452222190196,0.1976623241264,0.00442207552417035,NA,NA
"xy_dith","0.9","n = 750",5,0,0,0,0,0,1000,1000,-0.0333585584018096,0.0147277738778993,0.465733103180924,0.0104193197437832,0.887,0.0100115433375679,0.891,0.00985489725973843,0.30656989449143,0.00685854136780826,NA,NA
"xy_dith","0.9","n = 750",6,0,0,0,0,0,1000,1000,-0.00842186888671987,0.00982637442396744,0.310737243213622,0.00695177274544451,0.915,0.00881901355027874,0.913,0.00891240708226459,0.174675566660149,0.00390781880873,NA,NA
"xy_dith","0.9","n = 750",7,0,0,0,0,0,1000,1000,-0.0249247736374179,0.0150906925747308,0.477209600055401,0.0106760704227815,0.902,0.00940191469861325,0.907,0.00918428004799505,0.284843726152406,0.00637248638656376,NA,NA
"xy_nodith","0.1","n = 100",1,0,0,0,0,0,1000,1000,0.123,0.0559106161385921,1.7680489238132,0.0395545580377288,0.919,0.00862780389206894,0.919,0.00862780389206894,1.3441489165852,0.030071122815851,NA,NA
"xy_nodith","0.1","n = 100",2,0,0,0,0,0,1000,1000,-0.0122242172277,0.0573836551980081,1.81463050891466,0.0405966751344727,0.902,0.00940191469861325,0.902,0.00940191469861325,1.50521975009773,0.0336745783235277,NA,NA
"xy_nodith","0.1","n = 100",3,0,0,0,0,0,1000,1000,-0.120396862970529,0.0864679576936318,2.73435690934957,0.0611726732275422,0.933,0.00790638982089803,0.932,0.00796090447122687,3.51555205353689,0.0786494682717127,NA,NA
"xy_nodith","0.1","n = 100",4,NA,0,1,1,1,0,0,NA,NA,0,NA,NA,NA,NA,NA,0,NA,NA,NA
"xy_nodith","0.1","n = 100",5,NA,0,1,1,1,0,0,NA,NA,0,NA,NA,NA,NA,NA,0,NA,NA,NA
"xy_nodith","0.1","n = 100",6,0,0,0,0,0,1000,1000,0.0207757827723008,0.0271652178377292,0.859039615018587,0.019218321309615,0.914,0.00886588969026797,0.918,0.00867617427210864,0.834176845246482,0.0186620946935503,NA,NA
"xy_nodith","0.1","n = 100",7,0,0,0,0,0,1000,1000,0.0707698036961383,0.0414448131090581,1.31060006624628,0.0293205723475031,0.913,0.00891240708226459,0.918,0.00867617427210864,1.54749304598106,0.0346203109403927,NA,NA
"xy_nodith","0.1","n = 250",1,0,0,0,0,0,1000,1000,0.007,0.0371393366975008,1.17444894751978,0.0262746174222547,0.909,0.00909499862561837,0.909,0.00909499862561837,0.709912516376882,0.0158820694679523,NA,NA
"xy_nodith","0.1","n = 250",2,0,0,0,0,0,1000,1000,0.0127757827723,0.0373766372619717,1.1819530502575,0.026442498221967,0.914,0.00886588969026797,0.914,0.00886588969026797,0.75214745284439,0.0168269439130106,NA,NA
"xy_nodith","0.1","n = 250",3,0,0,0,0,0,1000,1000,-0.0693968629705289,0.0534037073240796,1.68877350641107,0.0377810188237604,0.924,0.00837997613361756,0.921,0.00852988862764339,1.27127605318857,0.0284408206982031,NA,NA
"xy_nodith","0.1","n = 250",4,NA,0,1,1,1,0,0,NA,NA,0,NA,NA,NA,NA,NA,0,NA,NA,NA
"xy_nodith","0.1","n = 250",5,NA,0,1,1,1,0,0,NA,NA,0,NA,NA,NA,NA,NA,0,NA,NA,NA
"xy_nodith","0.1","n = 250",6,0,0,0,0,0,1000,1000,0.0132757827723009,0.0183650611192655,0.580754225050803,0.0129925571577991,0.914,0.00886588969026797,0.912,0.00895857131466843,0.39000434955941,0.00872512602555351,NA,NA
"xy_nodith","0.1","n = 250",7,0,0,0,0,0,1000,1000,0.0526031370294718,0.0270358083832338,0.854947328748932,0.0191267692192967,0.899,0.00952885092757778,0.904,0.00931579304192617,0.675774772074702,0.0151183443412938,NA,NA
"xy_nodith","0.1","n = 500",1,0,0,0,0,0,1000,1000,-0.026,0.0267214901911933,0.84500771478019,0.0189044014825763,0.862,0.0109066951914867,0.859,0.0110054077616415,0.394771005331057,0.00883176502169555,NA,NA
"xy_nodith","0.1","n = 500",2,0,0,0,0,0,1000,1000,0.00877578277229998,0.0279169367115261,0.882811053031936,0.0197501327950751,0.929,0.00812151463706124,0.928,0.00817410545564467,0.43427550339543,0.00971555445783205,NA,NA
"xy_nodith","0.1","n = 500",3,0,0,0,0,0,1000,1000,-0.00139686297052895,0.0418560381298556,1.32360414321198,0.0296114978474364,0.893,0.00977501918156686,0.893,0.00977501918156686,0.711172653466672,0.0159102610892261,NA,NA
"xy_nodith","0.1","n = 500",4,NA,0,1,1,1,0,0,NA,NA,0,NA,NA,NA,NA,NA,0,NA,NA,NA
"xy_nodith","0.1","n = 500",5,NA,0,1,1,1,0,0,NA,NA,0,NA,NA,NA,NA,NA,0,NA,NA,NA
"xy_nodith","0.1","n = 500",6,0,0,0,0,0,1000,1000,0.0141091161056343,0.013258884577613,0.419282744985367,0.00938013843812289,0.898,0.00957057991973318,0.899,0.00952885092757778,0.24534025329887,0.00548871988630931,NA,NA
"xy_nodith","0.1","n = 500",7,0,0,0,0,0,1000,1000,0.0069364703628053,0.0189087777291009,0.597948053938251,0.0133772152368033,0.914,0.00886588969026797,0.914,0.00886588969026797,0.392504106105167,0.00878105025029502,NA,NA
"xy_nodith","0.1","n = 750",1,0,0,0,0,0,1000,1000,-0.048,0.0236274047295562,0.747164141440323,0.0167154579255487,0.862,0.0109066951914867,0.864,0.0108399261990108,0.295104896764645,0.00660204794623004,NA,NA
"xy_nodith","0.1","n = 750",2,0,0,0,0,0,1000,1000,0.0137757827723,0.0234823853648309,0.742578226466695,0.0166128624387738,0.938,0.00762600813007697,0.938,0.00762600813007697,0.318699899773569,0.00712991225097111,NA,NA
"xy_nodith","0.1","n = 750",3,0,0,0,0,0,1000,1000,0.017603137029471,0.0344410392582045,1.08912129039202,0.0243656782969706,0.91,0.00904986187739901,0.905,0.00927227048785787,0.512123268853397,0.0114571544302319,NA,NA
"xy_nodith","0.1","n = 750",4,NA,0,1,1,1,0,0,NA,NA,0,NA,NA,NA,NA,NA,0,NA,NA,NA
"xy_nodith","0.1","n = 750",5,NA,0,1,1,1,0,0,NA,NA,0,NA,NA,NA,NA,NA,0,NA,NA,NA
"xy_nodith","0.1","n = 750",6,0,0,0,0,0,1000,1000,0.00760911610563427,0.0107868075132283,0.341108804236183,0.00763124131499764,0.916,0.00877177291087725,0.916,0.00877177291087725,0.184578483488095,0.00412936556184189,NA,NA
"xy_nodith","0.1","n = 750",7,0,0,0,0,0,1000,1000,-0.00439686297052798,0.0155410020580138,0.491449636246879,0.0109946466399941,0.924,0.00837997613361756,0.925,0.00832916562447884,0.293602588790472,0.00656843850977462,NA,NA
"xy_nodith","0.5","n = 100",1,0,0,0,0,0,1000,1000,-0.025,0.0388443545947656,1.22836634758686,0.0274808504068019,0.929,0.00812151463706124,0.928,0.00817410545564467,0.747495657888175,0.016722874567928,NA,NA
"xy_nodith","0.5","n = 100",2,0,0,0,0,0,1000,1000,-0.062,0.0432206434938679,1.3667567537876,0.0305769023769738,0.915,0.00881901355027874,0.916,0.00877177291087725,0.792238051959448,0.0177238455247849,NA,NA
"xy_nodith","0.5","n = 100",3,0,0,0,0,0,1000,1000,-0.033,0.0455739836747676,1.44117590459596,0.032241797833271,0.912,0.00895857131466843,0.913,0.00891240708226459,0.877619852156194,0.0196339959316889,NA,NA
"xy_nodith","0.5","n = 100",4,NA,0,1,1,1,0,0,NA,NA,0,NA,NA,NA,NA,NA,0,NA,NA,NA
"xy_nodith","0.5","n = 100",5,NA,0,1,1,1,0,0,NA,NA,0,NA,NA,NA,NA,NA,0,NA,NA,NA
"xy_nodith","0.5","n = 100",6,0,0,0,0,0,1000,1000,0.0131666666666672,0.0201614265867001,0.637560288922467,0.0142634149491439,0.929,0.00812151463706124,0.93,0.00806845710157772,0.452034951772052,0.0101128665016731,NA,NA
"xy_nodith","0.5","n = 100",7,0,0,0,0,0,1000,1000,0.0346666666666672,0.0223300287895313,0.706137511920516,0.0157976155646406,0.907,0.00918428004799505,0.909,0.00909499862561837,0.499927946427,0.0111843222805064,NA,NA
"xy_nodith","0.5","n = 250",1,0,0,0,0,0,1000,1000,-0.015,0.0279742302406618,0.884622833504515,0.0197906657095714,0.872,0.0105648473723003,0.875,0.0104582503316759,0.387710720453575,0.00867381325679362,NA,NA
"xy_nodith","0.5","n = 250",2,0,0,0,0,0,1000,1000,0.008,0.028718648310127,0.90816339981347,0.0203173121636188,0.887,0.0100115433375679,0.887,0.0100115433375679,0.4076357573615,0.00911957356249752,NA,NA
"xy_nodith","0.5","n = 250",3,0,0,0,0,0,1000,1000,0.021,0.0304053199865333,0.961500641436855,0.0215105659197505,0.903,0.00935900635751467,0.899,0.00952885092757778,0.424956432210542,0.00950706942267512,NA,NA
"xy_nodith","0.5","n = 250",4,NA,0,1,1,1,0,0,NA,NA,0,NA,NA,NA,NA,NA,0,NA,NA,NA
"xy_nodith","0.5","n = 250",5,NA,0,1,1,1,0,0,NA,NA,0,NA,NA,NA,NA,NA,0,NA,NA,NA
"xy_nodith","0.5","n = 250",6,0,0,0,0,0,1000,1000,0.00533333333333382,0.0137999917792164,0.436394057139232,0.00976295046361369,0.925,0.00832916562447884,0.924,0.00837997613361756,0.236843776936005,0.00529863783434531,NA,NA
"xy_nodith","0.5","n = 250",7,0,0,0,0,0,1000,1000,0.00866666666666708,0.0146201829588329,0.462330779582919,0.0103432034076299,0.924,0.00837997613361756,0.92,0.00857904423581089,0.247797265483391,0.00554368783982183,NA,NA
"xy_nodith","0.5","n = 500",1,0,0,0,0,0,1000,1000,-0.063,0.021459065485046,0.678595233914512,0.0151814433427034,0.893,0.00977501918156686,0.893,0.00977501918156686,0.242026025770057,0.00541457442383199,NA,NA
"xy_nodith","0.5","n = 500",2,0,0,0,0,0,1000,1000,0.001,0.0221469973018802,0.700349548075452,0.0156681279985748,0.888,0.00997276290703835,0.888,0.00997276290703835,0.245322830549243,0.00548833010684561,NA,NA
"xy_nodith","0.5","n = 500",3,0,0,0,0,0,1000,1000,0.045,0.0229892040641581,0.726982464371393,0.0162639560999091,0.873,0.0105295299040366,0.874,0.010493998284734,0.268425746672662,0.00600518550849009,NA,NA
"xy_nodith","0.5","n = 500",4,NA,0,1,1,1,0,0,NA,NA,0,NA,NA,NA,NA,NA,0,NA,NA,NA
"xy_nodith","0.5","n = 500",5,NA,0,1,1,1,0,0,NA,NA,0,NA,NA,NA,NA,NA,0,NA,NA,NA
"xy_nodith","0.5","n = 500",6,0,0,0,0,0,1000,1000,0.00266666666666721,0.0110957651783814,0.350878903460699,0.00784981669015017,0.846,0.0114142016803629,0.848,0.0113532374237483,0.143421437588793,0.00320860554284063,NA,NA
"xy_nodith","0.5","n = 500",7,0,0,0,0,0,1000,1000,-0.0108333333333328,0.0115945564509752,0.3666520684448,0.0082026918631158,0.875,0.0104582503316759,0.873,0.0105295299040366,0.153738530968834,0.00343941819931472,NA,NA
"xy_nodith","0.5","n = 750",1,0,0,0,0,0,1000,1000,-0.011,0.0186608474412934,0.590107809834124,0.013201814326642,0.951,0.00682634602111555,0.949,0.00695693898205238,0.200273155165808,0.00448048469287833,NA,NA
"xy_nodith","0.5","n = 750",2,0,0,0,0,0,1000,1000,-0.028,0.0198899877227617,0.628976638367127,0.0140713826476086,0.929,0.00812151463706124,0.929,0.00812151463706124,0.205234926565901,0.00459148879020367,NA,NA
"xy_nodith","0.5","n = 750",3,0,0,0,0,0,1000,1000,-0.009,0.0191385810677094,0.60521507357739,0.0135397920446089,0.942,0.00739161687318817,0.942,0.00739161687318817,0.206191149789427,0.00461288129042386,NA,NA
"xy_nodith","0.5","n = 750",4,NA,0,1,1,1,0,0,NA,NA,0,NA,NA,NA,NA,NA,0,NA,NA,NA
"xy_nodith","0.5","n = 750",5,NA,0,1,1,1,0,0,NA,NA,0,NA,NA,NA,NA,NA,0,NA,NA,NA
"xy_nodith","0.5","n = 750",6,0,0,0,0,0,1000,1000,0.00100000000000048,0.00900753524815763,0.284843274884281,0.0063724762908526,0.774,0.0132258837133857,0.776,0.0131842330076497,0.130194270724776,0.00291268910503692,NA,NA
"xy_nodith","0.5","n = 750",7,0,0,0,0,0,1000,1000,0.00383333333333391,0.00992193839570648,0.313759241343095,0.00701938049022589,0.79,0.0128802173894698,0.792,0.0128349522788361,0.127841373158044,0.00286005039006322,NA,NA
"xy_nodith","0.9","n = 100",1,0,0,0,0,0,1000,1000,-0.085,0.0546237929730146,1.72735600232227,0.0386441813489626,0.913,0.00891240708226459,0.912,0.00895857131466843,1.38821420396907,0.0310569456309318,NA,NA
"xy_nodith","0.9","n = 100",2,0,0,0,0,0,1000,1000,-0.0547757827723,0.056389571587163,1.78319482496551,0.0398934001467305,0.92,0.00857904423581089,0.925,0.00832916562447884,1.39297195757234,0.0311633854689336,NA,NA
"xy_nodith","0.9","n = 100",3,0,0,0,0,0,1000,1000,-0.05960313702947,0.090290106342297,2.85522386220473,0.0638766928036759,0.904,0.00931579304192617,0.908,0.00913980306133562,3.04394641856407,0.0680987690188773,NA,NA
"xy_nodith","0.9","n = 100",4,NA,0,1,1,1,0,0,NA,NA,0,NA,NA,NA,NA,NA,0,NA,NA,NA
"xy_nodith","0.9","n = 100",5,NA,0,1,1,1,0,0,NA,NA,0,NA,NA,NA,NA,NA,0,NA,NA,NA
"xy_nodith","0.9","n = 100",6,0,0,0,0,0,1000,1000,-0.0561091161056334,0.0292121819417177,0.923770303590681,0.0206664677627261,0.911,0.00900438781928011,0.911,0.00900438781928011,0.79314292185265,0.0177440891550517,NA,NA
"xy_nodith","0.9","n = 100",7,0,0,0,0,0,1000,1000,-0.0757698036961366,0.0424253500515159,1.34160736692732,0.0300142636011005,0.921,0.00852988862764339,0.922,0.00848033018225116,1.48142627155432,0.0331422737502274,NA,NA
"xy_nodith","0.9","n = 250",1,0,0,0,0,0,1000,1000,-0.063,0.03665207189743,1.15904028160128,0.0259298967744556,0.91,0.00904986187739901,0.909,0.00909499862561837,0.701045798320723,0.0156837044175101,NA,NA
"xy_nodith","0.9","n = 250",2,0,0,0,0,0,1000,1000,-0.0197757827723,0.0377065084671172,1.19238449368515,0.0266758691026698,0.912,0.00895857131466843,0.91,0.00904986187739901,0.739593121866699,0.0165460800711826,NA,NA
"xy_nodith","0.9","n = 250",3,0,0,0,0,0,1000,1000,0.00839686297053007,0.0536680096077287,1.69713147848222,0.0379680022759224,0.913,0.00891240708226459,0.912,0.00895857131466843,1.30132864519606,0.0291131533348932,NA,NA
"xy_nodith","0.9","n = 250",4,NA,0,1,1,1,0,0,NA,NA,0,NA,NA,NA,NA,NA,0,NA,NA,NA
"xy_nodith","0.9","n = 250",5,NA,0,1,1,1,0,0,NA,NA,0,NA,NA,NA,NA,NA,0,NA,NA,NA
"xy_nodith","0.9","n = 250",6,0,0,0,0,0,1000,1000,-0.0339424494389667,0.0179735521351271,0.568373623907841,0.0127155799769895,0.911,0.00900438781928011,0.907,0.00918428004799505,0.3944736747961,0.00882511318206434,NA,NA
"xy_nodith","0.9","n = 250",7,0,0,0,0,0,1000,1000,-0.0314364703628033,0.0276131654029421,0.873204960802581,0.0195352265628526,0.911,0.00900438781928011,0.911,0.00900438781928011,0.675049795515299,0.0151021252610361,NA,NA
"xy_nodith","0.9","n = 500",1,0,0,0,0,0,1000,1000,0.021,0.0267258914401985,0.845146894494249,0.0189075151928381,0.87,0.0106348483769163,0.871,0.0105999528300837,0.388584283489888,0.0086933564941747,NA,NA
"xy_nodith","0.9","n = 500",2,0,0,0,0,0,1000,1000,0.00322421722770004,0.0291910280071826,0.923101357444629,0.0206515021875083,0.912,0.00895857131466843,0.912,0.00895857131466843,0.421702831112083,0.00943428028672573,NA,NA
"xy_nodith","0.9","n = 500",3,0,0,0,0,0,1000,1000,-0.0886031370294699,0.0388822302321745,1.22956408040729,0.0275076459279672,0.916,0.00877177291087725,0.914,0.00886588969026797,0.70055092816602,0.015672633247481,NA,NA
"xy_nodith","0.9","n = 500",4,NA,0,1,1,1,0,0,NA,NA,0,NA,NA,NA,NA,NA,0,NA,NA,NA
"xy_nodith","0.9","n = 500",5,NA,0,1,1,1,0,0,NA,NA,0,NA,NA,NA,NA,NA,0,NA,NA,NA
"xy_nodith","0.9","n = 500",6,0,0,0,0,0,1000,1000,-0.000442449438967007,0.0128916629164173,0.407670176430075,0.00912034358137381,0.9,0.00948683298050514,0.9,0.00948683298050514,0.236649692375488,0.00529429580007817,NA,NA
"xy_nodith","0.9","n = 500",7,0,0,0,0,0,1000,1000,0.0112301963038633,0.018714759267398,0.591812651467218,0.013239954819483,0.908,0.00913980306133562,0.906,0.00922843432007835,0.381764056706692,0.00854077527739222,NA,NA
"xy_nodith","0.9","n = 750",1,0,0,0,0,0,1000,1000,0.018,0.023542094856453,0.744466406381262,0.0166551045515403,0.855,0.0111344061359374,0.855,0.0111344061359374,0.289544178633587,0.00647764429139677,NA,NA
"xy_nodith","0.9","n = 750",2,0,0,0,0,0,1000,1000,0.0352242172277,0.0249729383062476,0.789713649146099,0.0176673699169856,0.919,0.00862780389206894,0.914,0.00886588969026797,0.306682427063935,0.00686105893172312,NA,NA
"xy_nodith","0.9","n = 750",3,0,0,0,0,0,1000,1000,-0.0246031370294699,0.0320384528724853,1.01314483785018,0.0226659430910659,0.92,0.00857904423581089,0.917,0.00872416185085994,0.496294724900024,0.0111030403262476,NA,NA
"xy_nodith","0.9","n = 750",4,NA,0,1,1,1,0,0,NA,NA,0,NA,NA,NA,NA,NA,0,NA,NA,NA
"xy_nodith","0.9","n = 750",5,NA,0,1,1,1,0,0,NA,NA,0,NA,NA,NA,NA,NA,0,NA,NA,NA
"xy_nodith","0.9","n = 750",6,0,0,0,0,0,1000,1000,-0.0169424494389671,0.0104094666474692,0.329176238335597,0.00736428751971702,0.927,0.00822623850857729,0.93,0.00806845710157772,0.185009556533777,0.00413900947133686,NA,NA
"xy_nodith","0.9","n = 750",7,0,0,0,0,0,1000,1000,-0.0271031370294702,0.0155962849812488,0.493197835778228,0.0110337571300336,0.9,0.00948683298050514,0.903,0.00935900635751467,0.283841800382316,0.0063500714349814,NA,NA
